CustomerKey,CustomerName,City,Email
5001,Om Suresh,Pune,vchoudhary@example.org
5002,Amara Sundaram,Pune,sjani@example.net
5003,Charan Barad,Pune,acharyagabriel@example.com
5004,Urishilla Bajwa,Pune,chavvi35@example.org
5005,Ekaja Khalsa,Pune,lilapillay@example.com
5006,Onkar Nagi,Pune,keerpriya@example.net
5007,Libni Memon,Pune,zayan49@example.com
5008,Yachana Oak,Pune,sridharcharvi@example.net
5009,Raagini Devi,Pune,oakazaan@example.net
5010,Charles Narasimhan,Pune,ybadal@example.net
5011,Baljiwan Goswami,Pune,ppatil@example.org
5012,Gabriel Banik,Pune,ladvrinda@example.com
5013,Mohammed Chanda,Pune,karan78@example.net
5014,Sarthak Radhakrishnan,Pune,
5015,Tanish Sani,Pune,hardik26@example.net
5016,Yagnesh Bath,Pune,mason80@example.com
5017,Girindra Golla,Pune,apandit@example.net
5018,Saanvi Venkatesh,Pune,fradhakrishnan@example.com
5019,Dayamai Comar,Pune,balendra06@example.net
5020,Ati Prasad,Pune,oviyaoza@example.net
5021,Bachittar Iyer,Pune,lallwishi@example.net
5022,Qushi Hora,Pune,echahal@example.org
5023,Neel Majumdar,Pune,dhruvbaria@example.com
5024,Eta Kota,Pune,qpalla@example.com
5025,Turvi Naidu,Pune,lkhurana@example.com
5026,Prisha Goswami,Pune,bedicharita@example.net
5027,Lila Bhakta,Pune,qdeshmukh@example.net
5028,Anjali Ramachandran,Pune,amolbedi@example.com
5029,Michael Doshi,Pune,varugheseanirudh@example.com
5030,Maanav Gola,Pune,murthyvincent@example.org
5031,Faqid Chaudhuri,Pune,nakulmukherjee@example.net
5032,Max Hayer,Pune,farasbanik@example.net
5033,Vedhika Panchal,Pune,xsaini@example.org
5034,Arjun Badami,Pune,edhar@example.net
5035,Lila Raja,Pune,tborra@example.org
5036,Chandresh Dash,Pune,sahnisarthak@example.org
5037,Yashvi Choudhary,Pune,warjaschoudhry@example.net
5038,Libni Keer,Pune,yashvibala@example.com
5039,Mahika Bath,Pune,zachariahbarkha@example.com
5040,Nimrat Mani,Pune,barkhashan@example.org
5041,Pratyush Acharya,Pune,deshpandeharshil@example.net
5042,Isaac Maharaj,Pune,gkade@example.net
5043,Vedant Konda,Pune,libni49@example.org
5044,Varenya Vyas,Pune,wazir57@example.com
5045,Gagan Kant,Pune,zachariafalak@example.net
5046,Ojasvi Jha,Pune,kevinnarang@example.org
5047,Warinder Dutta,Pune,udyati13@example.net
5048,Hemangini Lala,Pune,cramakrishnan@example.net
5049,Warjas Prabhakar,Pune,gopalchandani@example.org
5050,Bhavna Grover,Pune,ovarghese@example.com
5051,Kiaan Dasgupta,Pune,bhavaniramachandran@example.net
5052,Yashawini Ganesh,Pune,
5053,Yachana Viswanathan,Pune,etachahal@example.com
5054,Isha Lad,Pune,onveer49@example.com
5055,Chanakya Jaggi,Pune,
5056,Vincent Kannan,Pune,mastergaurang@example.net
5057,Ati Kapadia,Pune,tiwariyashasvi@example.org
5058,Qadim Mangal,Pune,smohanty@example.com
5059,Zinal Krishnan,Pune,parya@example.com
5060,Ati Varughese,Pune,jram@example.net
5061,Pooja Devi,Pune,ishitauppal@example.com
5062,Veer Sha,Pune,
5063,Varsha Mital,Pune,liam55@example.net
5064,Parth Merchant,Pune,kalitaaradhana@example.net
5065,Yatan Sangha,Pune,chandervivaan@example.com
5066,Hemani Jaggi,Pune,
5067,Chaitanya Bava,Pune,ganga49@example.org
5068,David Deo,Pune,mallakshay@example.net
5069,Dev Acharya,Pune,widishabutala@example.org
5070,Vasudha Nagar,Pune,garimatailor@example.org
5071,Nicholas Saha,Pune,vrindabarad@example.net
5072,Abhimanyu Datta,Pune,dixitjason@example.org
5073,Nisha Raghavan,Pune,hemanidhingra@example.net
5074,Vyanjana Sathe,Pune,oeshi34@example.net
5075,Tanmayi Bhat,Pune,edani@example.org
5076,Anya Lata,Pune,ykala@example.net
5077,Laban Venkataraman,Pune,kamalapau@example.org
5078,Chandani Taneja,Pune,ekant@example.org
5079,Ojas Khare,Pune,kai57@example.org
5080,Rayaan Sankar,Pune,omukhopadhyay@example.com
5081,Vidhi Bansal,Pune,ssinha@example.net
5082,Vincent Deshmukh,Pune,yamini71@example.org
5083,Xalak Thakur,Pune,samble@example.net
5084,Omya Tank,Pune,dchoudhry@example.org
5085,Dominic Dass,Pune,bchakrabarti@example.com
5086,Laban Banerjee,Pune,ibiswas@example.com
5087,Jacob Dalal,Pune,vbains@example.com
5088,Sara Mannan,Pune,osetty@example.org
5089,Owen Murthy,Pune,gautamigole@example.net
5090,Ethan Warrior,Pune,logan82@example.net
5091,Geetika Deep,Pune,ryan70@example.com
5092,Pallavi Gandhi,Pune,tanay76@example.net
5093,Divya Baria,Pune,hkumer@example.net
5094,Bhavini Bir,Pune,ikhanna@example.net
5095,Anamika Salvi,Pune,vedant88@example.com
5096,Gayathri Nanda,Pune,taraklalla@example.com
5097,Nandini Setty,Pune,gollawarjas@example.org
5098,Chaitanya Deshpande,Pune,anita14@example.org
5099,Jeevika Bhatia,Pune,hpau@example.net
5100,Robert Lal,Pune,shivanshmahajan@example.org
5101,Hema Shukla,Pune,waglenicholas@example.com
5102,Nathaniel Chadha,Pune,mlata@example.net
5103,Aahana Mutti,Pune,dhardaksh@example.net
5104,Amaira Pillay,Pune,odikaagrawal@example.net
5105,Ishwar Aurora,Pune,lilahora@example.com
5106,Jonathan Anand,Pune,duttrayaan@example.net
5107,Jack Banerjee,Pune,swaminathanhitesh@example.org
5108,Zashil Naidu,Pune,achawla@example.net
5109,Osha Sheth,Pune,sridharjalsa@example.com
5110,Indali Tandon,Pune,ekiya12@example.net
5111,Theodore Parekh,Pune,krishpall@example.com
5112,Megha Ravel,Pune,simonparsa@example.org
5113,Alexander Raval,Pune,tnayar@example.net
5114,Ethan Brahmbhatt,Pune,dkeer@example.com
5115,Wazir Dada,Pune,chakradev14@example.net
5116,Niharika Bora,Pune,siddharth41@example.org
5117,Dayita Bhattacharyya,Pune,kashishchander@example.net
5118,Eiravati Apte,Pune,psachdeva@example.com
5119,Vedika Sura,Pune,isaactripathi@example.org
5120,Abdul Goswami,Pune,vivaancontractor@example.net
5121,Lakshit Verma,Pune,sara39@example.net
5122,Mitesh Kapoor,Pune,gdate@example.com
5123,Jagvi Vyas,Pune,benjagat@example.com
5124,Tripti Goswami,Pune,sde@example.com
5125,Ryan Batra,Pune,ubika77@example.com
5126,Aradhana Parekh,Pune,triyatak@example.com
5127,Arin Sharma,Pune,zehaan86@example.org
5128,Dipta Rajan,Pune,leenaiyengar@example.com
5129,Darpan Joshi,Pune,qadim61@example.com
5130,Ekani Som,Pune,csaxena@example.net
5131,Jacob Saha,Pune,krishanagar@example.com
5132,Azad Sastry,Pune,pdubey@example.net
5133,Hemal Jain,Pune,ekiya06@example.com
5134,Chatresh Kamdar,Pune,braman@example.com
5135,Manya Bumb,Pune,hkumar@example.com
5136,Jagvi Kashyap,Pune,oviya01@example.com
5137,Vidhi Halder,Pune,ranveersundaram@example.net
5138,Girindra Bhasin,Pune,lpathak@example.net
5139,Fariq Goyal,Pune,sahotabalveer@example.org
5140,Upma Bajwa,Pune,bhattacharyyaeesha@example.net
5141,Rehaan Ram,Pune,edhithahora@example.org
5142,Samarth Grewal,Pune,ebahri@example.org
5143,Jairaj Jani,Pune,balhaar61@example.net
5144,Urvashi Sahota,Pune,lbajwa@example.net
5145,Advaith Nanda,Pune,fariqkaran@example.org
5146,Darsh Edwin,Pune,xjoshi@example.net
5147,Dev Sani,Pune,niteshjayaraman@example.com
5148,Charles Venkatesh,Pune,svarughese@example.com
5149,Ijaya Rege,Pune,neelimaparsa@example.org
5150,Vasudha Sankaran,Pune,kotaupadhriti@example.com
5151,Mugdha Sheth,Pune,isaac85@example.org
5152,Banjeet Srivastava,Pune,amara19@example.com
5153,Chaitaly Vora,Pune,dayitacontractor@example.com
5154,Hemal Palan,Pune,bhavini40@example.org
5155,Siya Jhaveri,Pune,henry63@example.org
5156,Chanakya Divan,Pune,gmannan@example.com
5157,Ekaja Ramachandran,Pune,geralogan@example.org
5158,Tejas Hayre,Pune,zmanne@example.net
5159,Omkaar More,Pune,thomasnarayanan@example.com
5160,Janani Patla,Pune,santfitan@example.net
5161,Sachi Bhagat,Pune,bverma@example.net
5162,Meghana Ravel,Pune,ramachandranmason@example.org
5163,Jyoti Hayre,Pune,aryanpalan@example.net
5164,Ekbal Pillay,Pune,sanaya08@example.net
5165,Harita Khosla,Pune,zsarin@example.com
5166,Gavin Basu,Pune,neha49@example.net
5167,Harini Misra,Pune,rmammen@example.org
5168,Inaya Mall,Pune,marya@example.com
5169,Bhanumati Pandya,Pune,idika18@example.org
5170,Matthew Manda,Pune,ebera@example.com
5171,Caleb Karnik,Pune,balanekbal@example.org
5172,Nandini Date,Pune,sridharkrishna@example.net
5173,Shivansh Jayaraman,Pune,abhirammohanty@example.com
5174,Divya Kanda,Pune,tanveerkarpe@example.org
5175,Ishwar Rattan,Pune,lokekrishna@example.org
5176,Pahal Varughese,Pune,gopalurmi@example.org
5177,Mohammed Badal,Pune,yashvibehl@example.com
5178,Krisha Gole,Pune,xvarma@example.org
5179,Arjun Sarna,Pune,
5180,Vritti Sundaram,Pune,osubramanian@example.com
5181,Aadi Vig,Pune,aashideo@example.com
5182,Robert Dube,Pune,samakshcomar@example.net
5183,Gabriel Kant,Pune,sakshamchakraborty@example.net
5184,Harita Chadha,Pune,zgarg@example.com
5185,Elijah Bala,Pune,ekaja16@example.net
5186,Warhi Savant,Pune,chandran31@example.com
5187,Balendra Nath,Pune,bhavna80@example.com
5188,Chatresh Kibe,Pune,iryathaman@example.com
5189,Christopher Gulati,Pune,ati04@example.net
5190,Kashvi Amble,Pune,ldoshi@example.org
5191,Gopal Arora,Pune,vsundaram@example.net
5192,Avni Deo,Pune,
5193,Bakhshi Bhatia,Pune,taurora@example.org
5194,Leena Golla,Pune,devsidhu@example.org
5195,Nisha Devan,Pune,dominicwadhwa@example.net
5196,Lavanya Savant,Pune,fgoswami@example.com
5197,Hemal Nanda,Pune,krishna92@example.org
5198,Hemani Ray,Pune,kardamini@example.org
5199,Kabir Soman,Pune,saxenakrishna@example.com
5200,Darpan Edwin,Pune,udarsh92@example.com
5201,Odika Karan,Pune,kparmar@example.org
5202,Tripti Thakkar,Pune,nidhipillai@example.org
5203,Andrew Tata,Pune,victorvora@example.org
5204,Ekalinga Manne,Pune,nicholaskarpe@example.net
5205,Mugdha Wable,Pune,dsastry@example.com
5206,Joshua Chahal,Pune,inayabrahmbhatt@example.org
5207,Rajata Dua,Pune,goswamimohini@example.net
5208,Harrison Aggarwal,Pune,subramanianaashi@example.org
5209,Pratyush Panchal,Pune,nsur@example.net
5210,Varenya Lal,Pune,
5211,Reva Sibal,Pune,omisha74@example.org
5212,Gaurang Bansal,Pune,cmadan@example.org
5213,Vasana Mammen,Pune,nakuldhar@example.com
5214,Dakshesh Bail,Pune,yadavi66@example.com
5215,Netra Manne,Pune,jack41@example.org
5216,Idika Ganguly,Pune,warda10@example.org
5217,Unnati Sankar,Pune,choudharyoscar@example.net
5218,Nisha Raj,Pune,elijah67@example.net
5219,Nakul Randhawa,Pune,matthew26@example.net
5220,Tanish Warrior,Pune,ibumb@example.com
5221,Ati Kapur,Pune,anandraghav@example.com
5222,Yashawini Sunder,Pune,deepamohanty@example.com
5223,Ekansh Dara,Pune,boraeiravati@example.org
5224,Bachittar Gopal,Pune,zgolla@example.com
5225,Ayaan Khalsa,Pune,noahlal@example.net
5226,Manbir Narasimhan,Pune,faqid98@example.com
5227,Anita Prabhu,Pune,saidatta@example.com
5228,Reyansh Balay,Pune,harinakshi79@example.net
5229,Damyanti Ramachandran,Pune,yochanaganesan@example.com
5230,Vedant Sinha,Pune,vasana08@example.net
5231,Kamala Subramaniam,Pune,arin88@example.net
5232,Thomas Raj,Pune,ychokshi@example.net
5233,Christopher Jaggi,Pune,kaurchampak@example.net
5234,Janani Kamdar,Pune,damini12@example.com
5235,Anya Rege,Pune,brinda02@example.org
5236,Zayyan Sachar,Pune,duttapanini@example.com
5237,Diya Kunda,Pune,krishnamodi@example.com
5238,Qarin Pandit,Pune,skuruvilla@example.com
5239,Gaurika Kamdar,Pune,malhotraoviya@example.com
5240,Kamala Mohan,Pune,lravel@example.net
5241,Shravya Tata,Pune,gadebaljiwan@example.net
5242,Tanveer Swaminathan,Pune,ramanbhavya@example.org
5243,Abeer Borra,Pune,pillayfitan@example.com
5244,Eesha Sagar,Pune,kevinandra@example.org
5245,Yashica Thakkar,Pune,veer70@example.org
5246,Bhavika Nigam,Pune,brindawalla@example.net
5247,Om Malhotra,Pune,ahujachristopher@example.org
5248,Ojas Goyal,Pune,leela43@example.com
5249,Nidhi Shetty,Pune,orinder31@example.com
5250,Tara Mann,Pune,william13@example.org
5251,Ladli Deo,Pune,vsethi@example.org
5252,Omaja Bhagat,Pune,edwindipta@example.com
5253,Isaac Ratta,Pune,jhalder@example.net
5254,Daniel Kashyap,Pune,vincent76@example.com
5255,Urishilla Dixit,Pune,tankyasti@example.com
5256,Kamala Bhardwaj,Pune,crau@example.org
5257,Aarnav Loyal,Pune,yash62@example.com
5258,Ishita Ram,Pune,agarwalrachana@example.org
5259,Ikshita Acharya,Pune,ishamand@example.org
5260,Maya Bains,Pune,bhavikaiyengar@example.net
5261,Ekantika Pandya,Pune,urmi32@example.org
5262,Mitesh Rastogi,Pune,krishnaranganathan@example.net
5263,Simon Kashyap,Pune,davidramakrishnan@example.org
5264,Michael Dhawan,Pune,bhanumati44@example.com
5265,Hiral Ratti,Pune,anay50@example.net
5266,Amara Kata,Pune,fsinghal@example.net
5267,Rohan Mittal,Pune,harshilraju@example.net
5268,Bimala Varughese,Pune,prakashjanani@example.org
5269,Zayan Oommen,Pune,rohan72@example.com
5270,Aarav Garg,Pune,vtank@example.org
5271,Deepa Lad,Pune,goyalmeghana@example.net
5272,Harinakshi Sinha,Pune,soodhemani@example.org
5273,Manan Sengupta,Pune,gandhiwyatt@example.com
5274,Ikbal Chaudhuri,Pune,royupasna@example.com
5275,Alka Singhal,Pune,esalvi@example.org
5276,Bhavna Konda,Pune,quincy36@example.org
5277,Megha Sengupta,Pune,neha84@example.com
5278,Ganga Basu,Pune,ranganathanbahadurjit@example.com
5279,Nitesh Shukla,Pune,echana@example.net
5280,Hemal Sawhney,Pune,mluthra@example.org
5281,Chakradhar Sagar,Pune,wchahal@example.net
5282,Maanas Sinha,Pune,ikbal65@example.net
5283,Girindra Tailor,Pune,charvirai@example.org
5284,Shravya Parikh,Pune,buchkaran@example.com
5285,Mitesh Tak,Pune,nathaniel50@example.org
5286,Fiyaz Vala,Pune,
5287,Jacob Jayaraman,Pune,kandautkarsh@example.com
5288,Jeevika Parekh,Pune,oviyanori@example.com
5289,Falan Garg,Pune,agastya81@example.org
5290,Ubika Bala,Pune,aayush11@example.net
5291,Nakul Kibe,Pune,kandagauri@example.com
5292,Urishilla Ramesh,Pune,shettyakshay@example.org
5293,Yashvi Mistry,Pune,ladyoshita@example.com
5294,Abha Vig,Pune,karnisha@example.org
5295,Lakshit Saha,Pune,kborah@example.net
5296,Rajata Srinivasan,Pune,rattanwakeeta@example.net
5297,Arjun Goda,Pune,wroy@example.org
5298,Anya Lad,Pune,wishisunder@example.com
5299,Girik Kota,Pune,chavvi35@example.net
5300,Adya Thaman,Pune,bailyauvani@example.org
5301,Riya Patla,Pune,idikagrewal@example.org
5302,Tamanna Pandit,Pune,lanand@example.net
5303,Manthan Dave,Pune,venkataramanekta@example.com
5304,Jyoti Viswanathan,Pune,janaki07@example.com
5305,Yutika Agarwal,Pune,iyerwridesh@example.net
5306,Abhimanyu Goel,Pune,radhakala@example.net
5307,Baghyawati Uppal,Pune,faras30@example.com
5308,Wakeeta Lad,Pune,chaudhariisaiah@example.net
5309,Devansh Rattan,Pune,oliverradhakrishnan@example.org
5310,Anika Dube,Pune,ssaraf@example.org
5311,Logan Loke,Pune,rohansehgal@example.com
5312,Hritik Ratti,Pune,suriaryan@example.com
5313,Nicholas Malhotra,Pune,geetikakhatri@example.net
5314,Warjas Wagle,Pune,pooja09@example.org
5315,Vidhi Verma,Pune,tanmayinori@example.org
5316,Krishna Virk,Pune,mkalla@example.com
5317,Libni Varma,Pune,natarajanfiyaz@example.net
5318,Aarush Rau,Pune,paikrish@example.org
5319,Januja Hans,Pune,vgulati@example.org
5320,Nidra Virk,Pune,christopherlall@example.net
5321,Ryan Mukhopadhyay,Pune,falgunidayal@example.net
5322,Janani Sampath,Pune,devannitara@example.net
5323,Sai Gole,Pune,fvohra@example.com
5324,Hardik Nori,Pune,dharbrijesh@example.net
5325,Kashvi Bose,Pune,sudiksha56@example.org
5326,Ryan Narula,Pune,yuvrajmore@example.com
5327,Raksha Ramachandran,Pune,balvan59@example.net
5328,William Goswami,Pune,tiwaritheodore@example.org
5329,Widisha Mangal,Pune,vagrawal@example.org
5330,Mekhala Contractor,Pune,tanmayiramakrishnan@example.net
5331,Yash Yogi,Pune,sameshoak@example.net
5332,Vrishti Nazareth,Pune,anshghosh@example.org
5333,Abeer Viswanathan,Pune,qsangha@example.com
5334,Thomas Comar,Pune,atwalchakradhar@example.com
5335,Warhi Mohanty,Pune,xavier90@example.com
5336,Ganga Bora,Pune,yashasvicomar@example.org
5337,Baghyawati Choudhary,Pune,dtiwari@example.net
5338,Dev Doshi,Pune,ekiyagopal@example.net
5339,Bhavika Dasgupta,Pune,nmisra@example.com
5340,Janaki Loke,Pune,schaudhary@example.org
5341,Qasim Modi,Pune,nde@example.net
5342,Chandresh Manda,Pune,harinimuni@example.net
5343,Luke Misra,Pune,zaitrakari@example.com
5344,Arjun Narain,Pune,lvig@example.net
5345,Wakeeta Walla,Pune,shanaarnav@example.org
5346,Leena Bhavsar,Pune,indiradua@example.net
5347,Gauri Korpal,Pune,jason02@example.com
5348,Vincent Sama,Pune,niharika21@example.com
5349,Hamsini Bhasin,Pune,hredhaan58@example.net
5350,Krishna Venkatesh,Pune,veda15@example.com
5351,Ishita Jha,Pune,venkataramanbrinda@example.org
5352,Bina Chana,Pune,gaurang40@example.net
5353,Divya Deol,Pune,aryamitter@example.com
5354,Zilmil Hegde,Pune,chameliarora@example.com
5355,Adya Krishnan,Pune,smammen@example.org
5356,Neelima Chandran,Pune,baradharita@example.com
5357,Xiti Chopra,Pune,virajmall@example.net
5358,Wyatt Dhar,Pune,ayaanshan@example.net
5359,Sanaya Narula,Pune,urvashi83@example.org
5360,Ishwar Morar,Pune,gabrielchowdhury@example.org
5361,Mitali Edwin,Pune,dhritiprakash@example.org
5362,Elijah Palla,Pune,nathan46@example.com
5363,Mohammed Tandon,Pune,wriddhish54@example.com
5364,Alka Sekhon,Pune,triveni64@example.org
5365,Wriddhish Kar,Pune,zilmilkar@example.net
5366,Devansh Parekh,Pune,tratta@example.net
5367,Chanchal Srinivas,Pune,meghana57@example.net
5368,Diya Kakar,Pune,ansh22@example.net
5369,Eshana Mitra,Pune,gahuja@example.org
5370,Harshil Chauhan,Pune,mraman@example.com
5371,Xavier Gokhale,Pune,okrishnamurthy@example.com
5372,Harini Kaur,Pune,groverfaraj@example.org
5373,Umang Das,Pune,tristan47@example.net
5374,Atharv Dayal,Pune,ravalomaja@example.com
5375,Amruta Balasubramanian,Pune,wnatt@example.com
5376,Arunima Halder,Pune,shivanichauhan@example.com
5377,Banjeet Varma,Pune,daradayita@example.org
5378,Gautami Tiwari,Pune,gokhaleaadhya@example.org
5379,Urvi Sharma,Pune,jackpandya@example.com
5380,Yahvi Lanka,Pune,omadan@example.com
5381,Chandran Tailor,Pune,onisarraf@example.org
5382,Manthan Chana,Pune,widishatrivedi@example.com
5383,Arin Pillai,Pune,uchaudhry@example.net
5384,Ojas Deep,Pune,tripti44@example.net
5385,Warhi Chacko,Pune,narangnirja@example.net
5386,Saanvi Aggarwal,Pune,ppurohit@example.com
5387,Irya Karnik,Pune,timothyarya@example.org
5388,Tejas Chadha,Pune,bnayak@example.com
5389,Rudra Hayre,Pune,qmajumdar@example.com
5390,Unnati Khare,Pune,upmabal@example.net
5391,Amrita Bawa,Pune,kvirk@example.org
5392,Gagan Sachdev,Pune,dkhalsa@example.net
5393,Hemal Bhargava,Pune,yashramakrishnan@example.com
5394,Anjali Sood,Pune,ncherian@example.net
5395,Neha Chopra,Pune,anthony66@example.com
5396,Osha Ben,Pune,nitara71@example.com
5397,Utkarsh Deo,Pune,dubeydayita@example.net
5398,Ronith Badal,Pune,tataaarav@example.com
5399,Geetika Nagarajan,Pune,yochanagoyal@example.net
5400,Yamini Tailor,Pune,jmajumdar@example.org
5401,Anita Narang,Pune,pratyush10@example.net
5402,Utkarsh Sampath,Pune,falan50@example.net
5403,Ayushman Bahri,Pune,nisha89@example.com
5404,Mahika Manne,Pune,avi29@example.org
5405,Yagnesh Varkey,Pune,nakshbajwa@example.com
5406,Girindra Lalla,Pune,chakradharwalla@example.org
5407,Lipika Chaudhry,Pune,andraudyati@example.org
5408,Vivaan Tara,Pune,
5409,Farhan Agrawal,Pune,parikhpanini@example.com
5410,Leena Mangal,Pune,gayathrichawla@example.com
5411,Brinda Rama,Pune,jsaraf@example.org
5412,Nathan Soman,Pune,mohanvasana@example.net
5413,Arunima Bhattacharyya,Pune,pnanda@example.com
5414,Oviya Dash,Pune,parekhanusha@example.net
5415,Saumya Vyas,Pune,tmahal@example.com
5416,Amrita Pandey,Pune,aarav46@example.net
5417,Hema Mitra,Pune,aarav42@example.com
5418,Ekani Contractor,Pune,kadeyachana@example.net
5419,Aarush Vohra,Pune,oommenmitesh@example.net
5420,Balveer Dalal,Pune,cheriannathan@example.com
5421,Gabriel Savant,Pune,vohrawarjas@example.net
5422,Victor Radhakrishnan,Pune,quincy36@example.com
5423,Chatresh Vasa,Pune,kashish51@example.net
5424,Samar Merchant,Pune,uchana@example.net
5425,Harini Shah,Pune,ekothari@example.net
5426,Vasudha Sridhar,Pune,orinder21@example.org
5427,Avni Batra,Pune,schoudhury@example.net
5428,Edhitha Chawla,Pune,arunima55@example.com
5429,Yash Banerjee,Pune,brahmbhattparth@example.org
5430,Jasmit Patil,Pune,panini34@example.net
5431,Lila Khalsa,Pune,modyakshay@example.com
5432,Vinaya Raval,Pune,simonnigam@example.org
5433,Zayan Varty,Pune,singhalxavier@example.org
5434,Ladli Narayanan,Pune,rsethi@example.org
5435,Gavin Bassi,Pune,shanvedika@example.net
5436,Hemang Dora,Pune,dhawanadvika@example.net
5437,Devansh Bhat,Pune,liam20@example.com
5438,Wazir Lalla,Pune,chaman99@example.net
5439,Yash Sastry,Pune,eeshamisra@example.com
5440,Yadavi Sinha,Pune,xavierpalan@example.com
5441,Brinda Kumar,Pune,gargsimon@example.net
5442,Harinakshi Dugar,Pune,diptachoudhry@example.net
5443,Fariq Barad,Pune,advik43@example.com
5444,Balveer Prabhu,Pune,vansha97@example.com
5445,Faraj Reddy,Pune,madhaviranganathan@example.com
5446,Anmol De,Pune,ranbir30@example.net
5447,Gayathri Kari,Pune,dprasad@example.net
5448,Lajita Sanghvi,Pune,
5449,Ira Bora,Pune,lakshit58@example.net
5450,Zarna Biswas,Pune,vivaan77@example.net
5451,Mugdha Narain,Pune,tbhat@example.net
5452,Jai Mohan,Pune,
5453,Daksh Bhagat,Pune,yachana31@example.com
5454,Anusha Dar,Pune,orinder60@example.org
5455,Vaishnavi Savant,Pune,fsarna@example.net
5456,Viraj Pandit,Pune,abhiramratti@example.org
5457,Jai Narain,Pune,amairasrivastava@example.com
5458,Upkaar Chhabra,Pune,
5459,Yatin Bhattacharyya,Pune,arya31@example.org
5460,Pooja Devi,Pune,mdayal@example.org
5461,Onveer Prasad,Pune,yashramakrishnan@example.com
5462,Jeet Dhillon,Pune,glala@example.org
5463,Leela Chakrabarti,Pune,mitraalka@example.com
5464,Kamala Soni,Pune,valatimothy@example.com
5465,Urmi Luthra,Pune,ijaya76@example.com
5466,Utkarsh Pandey,Pune,raiunni@example.org
5467,Bhavya Ratta,Pune,qarinvarty@example.org
5468,Balvan Ghose,Pune,aggarwalpranit@example.org
5469,Yadavi Parmer,Pune,gaurangibalakrishnan@example.com
5470,Akshay Chand,Pune,raogeorge@example.org
5471,Mugdha Bala,Pune,qradhakrishnan@example.org
5472,Aadhya Mand,Pune,tbir@example.org
5473,Chandresh Devan,Pune,devika23@example.com
5474,Karan Shah,Pune,thamanhemal@example.net
5475,Wyatt Tella,Pune,goswamichakradev@example.net
5476,Chandran Raman,Pune,yasti16@example.com
5477,Gayathri Bal,Pune,
5478,Siddharth Dani,Pune,vihaan00@example.org
5479,Pranav Trivedi,Pune,lrau@example.net
5480,Sachi Chaudhuri,Pune,ramakiaan@example.org
5481,Kai Sawhney,Pune,advaysarin@example.net
5482,Triya Tandon,Pune,wriddhishgokhale@example.net
5483,Michael Bora,Pune,jeremiahsarkar@example.net
5484,Panini Edwin,Pune,tripti23@example.org
5485,Devika Dara,Pune,yashranganathan@example.com
5486,Chandresh Lal,Pune,ayush83@example.org
5487,Caleb Comar,Pune,fpalla@example.net
5488,Quincy Chatterjee,Pune,brijesh25@example.org
5489,Joshua Gole,Pune,hemaljain@example.net
5490,Aishani Borra,Pune,samuel41@example.com
5491,Chaitaly Lala,Pune,ebhat@example.com
5492,Yashawini Biswas,Pune,ria87@example.com
5493,Forum Sur,Pune,dindhruv@example.com
5494,Gaurang Tara,Pune,chanakyanagy@example.com
5495,Chaaya Prashad,Pune,waida91@example.org
5496,Ekta Mangat,Pune,gokhaleeesha@example.org
5497,Tanay Mane,Pune,jmahajan@example.com
5498,Idika Raju,Pune,jyotibuch@example.org
5499,Ganga Mishra,Pune,uperi@example.com
5500,Yutika Anne,Pune,lukemanne@example.com
5501,Sachi Bahl,Pune,nakul50@example.net
5502,Andrew Reddy,Pune,
5503,Chanakya Choudhry,Pune,bahriyachana@example.org
5504,Hiral Andra,Pune,nboase@example.org
5505,Kai Parsa,Pune,caleb08@example.org
5506,Banjeet Sangha,Pune,fsom@example.com
5507,Abhimanyu Sahota,Pune,ganga75@example.org
5508,Jagvi Narula,Pune,ktailor@example.net
5509,Omisha Kibe,Pune,manya88@example.net
5510,Tripti Salvi,Pune,krishaseth@example.org
5511,Ekanta Singhal,Pune,ebora@example.org
5512,Jairaj Aurora,Pune,patlaraagini@example.net
5513,Sudiksha Varma,Pune,viswanathanxalak@example.org
5514,Chameli Goyal,Pune,urmiatwal@example.com
5515,Libni Subramaniam,Pune,anmol34@example.net
5516,Sachi Prakash,Pune,warindershroff@example.com
5517,Madhav Kadakia,Pune,blanka@example.com
5518,Aditya Sengupta,Pune,wyatt86@example.org
5519,Harita Palan,Pune,gkar@example.com
5520,Yash Ramesh,Pune,vyaslaksh@example.com
5521,Bhavna Rout,Pune,banerjeeyahvi@example.net
5522,Ekantika Char,Pune,nimrat55@example.com
5523,Manan Raj,Pune,fkaur@example.com
5524,Ekiya Soni,Pune,urvimishra@example.com
5525,Abhimanyu Naidu,Pune,manibhanumati@example.org
5526,Pahal Kaur,Pune,indrajitrout@example.com
5527,Matthew Murthy,Pune,gokhalesanya@example.org
5528,Manan Chand,Pune,fchauhan@example.org
5529,Balvan Puri,Pune,bhavsarmax@example.net
5530,Faraj Dada,Pune,ckala@example.com
5531,Jack Chakraborty,Pune,bailsaksham@example.net
5532,Gautam Chacko,Pune,ravisanya@example.com
5533,Reyansh Bath,Pune,dubeytriya@example.org
5534,Amaira Loyal,Pune,lalakalpit@example.net
5535,Nikita Dyal,Pune,praneel55@example.net
5536,Agastya Chanda,Pune,alkakade@example.com
5537,Madhav Zachariah,Pune,samarthbose@example.com
5538,Harinakshi Shere,Pune,imaran36@example.com
5539,Bhavini Puri,Pune,agarwalqarin@example.net
5540,Janaki Bhatti,Pune,upmaratta@example.com
5541,Harsh Narula,Pune,atwalindrajit@example.net
5542,Manya Dixit,Pune,mallyoshita@example.net
5543,Gunbir Lalla,Pune,zansiravel@example.com
5544,Shaurya Kalla,Pune,megha55@example.net
5545,Shivani Sarraf,Pune,handaanirudh@example.org
5546,Kashvi Gulati,Pune,jpalla@example.com
5547,Turvi Edwin,Pune,krishabiswas@example.net
5548,Hritik Kapur,Pune,xvarughese@example.org
5549,Dalaja Amble,Pune,wsandhu@example.net
5550,Qarin Brahmbhatt,Pune,krisha27@example.com
5551,Jason Atwal,Pune,nimrat28@example.org
5552,Daksh Gokhale,Pune,oram@example.com
5553,Robert Kashyap,Pune,osur@example.org
5554,Yauvani Raju,Pune,theodore91@example.net
5555,Saanvi Tella,Pune,aryakrish@example.com
5556,Xavier Ray,Pune,zlal@example.org
5557,Bina Parsa,Pune,bhavinimohanty@example.org
5558,Hritik Raju,Pune,siddharth17@example.com
5559,Lucky Hari,Pune,radhacomar@example.net
5560,Baljiwan Tak,Pune,aarna37@example.net
5561,Kashish Pillai,Pune,viswanathanayush@example.org
5562,Wyatt Menon,Pune,thamanfarhan@example.org
5563,Ladli Pau,Pune,mitterupasna@example.org
5564,Vritti Sachdev,Pune,
5565,Mahika Thakkar,Pune,sara58@example.org
5566,Pratyush Sawhney,Pune,nkoshy@example.org
5567,Gunbir Chacko,Pune,udarsh32@example.com
5568,Jhalak Trivedi,Pune,qushi44@example.net
5569,Vamakshi Samra,Pune,ryogi@example.com
5570,Ria Nigam,Pune,
5571,Gopal Chahal,Pune,indali05@example.net
5572,Frederick Sinha,Pune,maxjohal@example.net
5573,Lavanya Jaggi,Pune,ravisamarth@example.net
5574,Kamya Saha,Pune,babukrishna@example.net
5575,Om Wali,Pune,vritti84@example.org
5576,Jai Singhal,Pune,bedijoshua@example.org
5577,Zaid Brahmbhatt,Pune,wdash@example.com
5578,Chaaya Trivedi,Pune,sankarbhavika@example.org
5579,Mitali Mandal,Pune,peterbrar@example.com
5580,Gauri Pingle,Pune,advika14@example.net
5581,Tarak Butala,Pune,karanmanthan@example.net
5582,Hiral Thaker,Pune,chanakya74@example.net
5583,Upkaar Roy,Pune,subramanianpahal@example.com
5584,Veda Bava,Pune,yashodharasandal@example.net
5585,Indira Dhingra,Pune,singhalkevin@example.com
5586,Indrajit Loke,Pune,chakradevchandran@example.org
5587,Anirudh Kalla,Pune,yahvihanda@example.net
5588,Nathaniel Kumer,Pune,arunimaoak@example.com
5589,Udant Pandit,Pune,nakulramakrishnan@example.com
5590,Aishani Hegde,Pune,manderagastya@example.net
5591,Aryan Murthy,Pune,lakshmihans@example.com
5592,Aradhana Samra,Pune,yashodharasem@example.com
5593,Lakshit Shetty,Pune,korpalatharv@example.com
5594,Ayaan Ahuja,Pune,rchoudhary@example.org
5595,Januja Raj,Pune,ramanjeet@example.org
5596,Chakradhar Thaker,Pune,omdamyanti@example.net
5597,Megha Hegde,Pune,bdoctor@example.org
5598,Mitali Madan,Pune,ucchalramesh@example.com
5599,Benjamin Gaba,Pune,bpatil@example.com
5600,Ishwar Mohanty,Pune,yuvrajdeshmukh@example.net
5601,Lipika Swamy,Pune,halderyauvani@example.com
5602,Yadavi Jha,Pune,gulatinidhi@example.net
5603,Shaurya Edwin,Pune,vtailor@example.org
5604,Niharika Tata,Pune,kevinsharma@example.com
5605,Forum Guha,Pune,upadhyayfiyaz@example.com
5606,Eshana Basu,Pune,samarram@example.com
5607,Atharv Jha,Pune,dakshchada@example.org
5608,Henry Vaidya,Pune,nathanielhanda@example.com
5609,Champak Bali,Pune,tbatra@example.net
5610,Praneel Kale,Pune,kabir79@example.org
5611,Chakrika Sridhar,Pune,fkhurana@example.com
5612,Lakshmi Kalla,Pune,janyabhasin@example.net
5613,Bhavani Narayanan,Pune,sarthak77@example.org
5614,Tejas Rau,Pune,gabanakul@example.net
5615,Shravya Vala,Pune,qkothari@example.net
5616,Daniel Bhattacharyya,Pune,vasudha80@example.org
5617,Ekavir Sem,Pune,kamdarkashvi@example.com
5618,Timothy Malhotra,Pune,zansisetty@example.org
5619,Charan Dixit,Pune,brinda17@example.com
5620,Yug Sabharwal,Pune,vamakshisagar@example.org
5621,Jason Dhar,Pune,guneet32@example.net
5622,Sarthak Dora,Pune,nachiket05@example.com
5623,Ekalinga Murthy,Pune,tborah@example.com
5624,Janya Misra,Pune,bakshinaksh@example.com
5625,Janaki Wable,Pune,harsh55@example.com
5626,Darpan Radhakrishnan,Pune,kadeneelima@example.com
5627,Anvi Bhat,Pune,rdugar@example.com
5628,Hiral Patil,Pune,ebaria@example.com
5629,Urvashi Sahni,Pune,george48@example.com
5630,Ojasvi Prabhakar,Pune,unnaticontractor@example.org
5631,Vedant Misra,Pune,tanvirana@example.org
5632,Logan Luthra,Pune,mvala@example.org
5633,Jeet Sarma,Pune,vedhika72@example.com
5634,Samesh Nagarajan,Pune,pagarwal@example.com
5635,Vihaan Borde,Pune,chaitanyabahl@example.org
5636,Mugdha Puri,Pune,snarang@example.com
5637,Madhavi Sidhu,Pune,chokshibanjeet@example.com
5638,Ekalinga Wali,Pune,vvarghese@example.net
5639,Mekhala Hans,Pune,gopal45@example.com
5640,Abha Batta,Pune,chasmum84@example.net
5641,Vidhi Sankar,Pune,pallmegha@example.net
5642,Saumya Naik,Pune,brijeshparmer@example.org
5643,Rayaan Choudhry,Pune,rachana81@example.net
5644,Baljiwan Jani,Pune,badaldhriti@example.com
5645,Shravya Mistry,Pune,nkanda@example.net
5646,Aarnav Ahuja,Pune,edwinijaya@example.com
5647,Vinaya Patil,Pune,jagvi09@example.net
5648,Nitesh Radhakrishnan,Pune,fradorout@example.com
5649,Ojas Shukla,Pune,rajagopalabha@example.org
5650,Harish Sami,Pune,zmorar@example.com
5651,Gautami Gill,Pune,ubakshi@example.net
5652,Anika Agate,Pune,pranav07@example.org
5653,Banjeet Kumer,Pune,hardikvarma@example.net
5654,Pranit Merchant,Pune,lucky82@example.com
5655,Inaya Chakrabarti,Pune,nachiket16@example.com
5656,Rishi Choudhary,Pune,kumercharan@example.org
5657,Yoshita Balay,Pune,unnimann@example.org
5658,Laban Nath,Pune,karanaksh@example.com
5659,Lipika Shanker,Pune,viswanathandevansh@example.org
5660,Vansha Ganesh,Pune,wrideshwarrior@example.com
5661,Victor Dyal,Pune,jackson31@example.org
5662,Kabir Rau,Pune,wakeetabala@example.org
5663,Abdul Balasubramanian,Pune,saratoor@example.com
5664,Upma Banerjee,Pune,mishrahredhaan@example.org
5665,Saksham Comar,Pune,mahalkala@example.org
5666,Harrison Sachdev,Pune,mchakraborty@example.org
5667,Azad Gola,Pune,guneetsharaf@example.org
5668,Tanay Minhas,Pune,korpaltanay@example.org
5669,Wishi Balasubramanian,Pune,chokshichatresh@example.com
5670,Amara Dora,Pune,ekta17@example.org
5671,Wridesh Lad,Pune,vanya89@example.org
5672,Tristan Gandhi,Pune,niharika41@example.com
5673,Hemangini Wason,Pune,bdas@example.com
5674,Nathaniel Narayanan,Pune,karnikadya@example.net
5675,Aishani Sidhu,Pune,nimratjhaveri@example.org
5676,Pushti Tank,Pune,hredhaannayar@example.com
5677,Eta Sunder,Pune,chandreshsarkar@example.com
5678,Ekanta Baria,Pune,raychaitaly@example.com
5679,Sneha Bail,Pune,sahaekani@example.com
5680,Daksh Mitra,Pune,devanwaida@example.net
5681,Liam Bakshi,Pune,lkapur@example.com
5682,Thomas Sheth,Pune,forumchawla@example.net
5683,Bachittar Verma,Pune,owendivan@example.org
5684,Edhitha Sachdeva,Pune,mbedi@example.com
5685,Ekbal Varty,Pune,bhanumati36@example.org
5686,Aadhya Venkataraman,Pune,paunicholas@example.org
5687,Lila Roy,Pune,kakarvasatika@example.com
5688,Dhruv Rege,Pune,jagvi92@example.com
5689,Yochana Chaudhuri,Pune,orindermahajan@example.net
5690,Ranbir Bhalla,Pune,lvenkataraman@example.net
5691,Rohan Trivedi,Pune,golaekaja@example.com
5692,Jason Kant,Pune,akshay18@example.net
5693,Reyansh Amble,Pune,pranav65@example.net
5694,Dipta Bains,Pune,qdugar@example.com
5695,Vamakshi Bala,Pune,sanenaksh@example.net
5696,Chasmum Chaudry,Pune,goyalsuhani@example.com
5697,Harini Parmer,Pune,seshadriamrita@example.org
5698,Panini Rau,Pune,kritikamutti@example.com
5699,Mitali Deshpande,Pune,ggade@example.org
5700,Netra Mane,Pune,arya89@example.com
5701,Hemang Rana,Pune,zaid89@example.net
5702,Gautami Subramanian,Pune,amanda@example.net
5703,Ekavir Samra,Pune,ranbir97@example.org
5704,Bimala Raghavan,Pune,cdhawan@example.com
5705,Arjun Deep,Pune,satherushil@example.net
5706,Aryan Dada,Pune,vedhika29@example.com
5707,Shravya Kuruvilla,Pune,ddave@example.net
5708,Maya Swamy,Pune,arastogi@example.org
5709,Anusha Rai,Pune,chandranvictor@example.net
5710,Vihaan Deol,Pune,gokhaleoscar@example.net
5711,Max Luthra,Pune,ekanipant@example.com
5712,Bina Menon,Pune,qgolla@example.org
5713,Harish Magar,Pune,yashodhara38@example.org
5714,Jeevika Choudhry,Pune,pranavdoshi@example.org
5715,Chavvi Sangha,Pune,vsood@example.org
5716,Veda Ganesan,Pune,bakhshitak@example.org
5717,Saanvi Kadakia,Pune,niteshramanathan@example.org
5718,Sara Mittal,Pune,aadhyamukhopadhyay@example.org
5719,Wridesh Badami,Pune,doctoryochana@example.net
5720,Advaith Kohli,Pune,dubecharles@example.net
5721,Yagnesh Vasa,Pune,radhakrishnanmax@example.org
5722,Meghana Parikh,Pune,yhayer@example.com
5723,Xiti Sankar,Pune,manan97@example.com
5724,Veer Bahri,Pune,utkarshloke@example.com
5725,Hardik Rastogi,Pune,anita27@example.net
5726,Isaiah Ghosh,Pune,baladev@example.org
5727,Jack Pandit,Pune,dategayathri@example.org
5728,Anthony Sangha,Pune,lohit65@example.com
5729,Sachi Varghese,Pune,onkar97@example.org
5730,Fariq Chopra,Pune,majumdarneel@example.org
5731,Jagdish Karpe,Pune,puriisha@example.org
5732,Nidhi Keer,Pune,meghatara@example.com
5733,Vyanjana Bath,Pune,chaturavig@example.org
5734,Faqid Bhandari,Pune,oni14@example.com
5735,Wriddhish Shanker,Pune,bhargavatejas@example.com
5736,Ati Majumdar,Pune,chakrika92@example.net
5737,Eiravati Sama,Pune,orana@example.org
5738,Nidra Saha,Pune,dayitakhosla@example.org
5739,Robert Venkatesh,Pune,yagneshmaster@example.com
5740,Lohit Madan,Pune,edayal@example.com
5741,Lakshmi Padmanabhan,Pune,kabir44@example.net
5742,Bina Vohra,Pune,modyyash@example.com
5743,Harita Prakash,Pune,ronith30@example.net
5744,Turvi Deep,Pune,mitraabeer@example.net
5745,George Bandi,Pune,indira42@example.org
5746,Nirja Gupta,Pune,januja79@example.com
5747,Jagdish Mody,Pune,grewalyashoda@example.com
5748,Omkaar Chanda,Pune,nsuresh@example.net
5749,Imaran Basak,Pune,yashvirk@example.net
5750,Chavvi Banerjee,Pune,davidgole@example.net
5751,Yashodhara Subramaniam,Pune,frana@example.net
5752,Ishita Ganesh,Pune,eandra@example.org
5753,Ijaya Arya,Pune,borachakradhar@example.org
5754,Aarini Krish,Pune,wadhwakashish@example.net
5755,Vrinda Dugal,Pune,ekavir47@example.com
5756,Lavanya Brahmbhatt,Pune,ishaan09@example.net
5757,Anmol Ganesh,Pune,jsule@example.org
5758,Qadim Chatterjee,Pune,gokhaleluke@example.net
5759,Kashvi Dayal,Pune,jack91@example.net
5760,Sudiksha Lata,Pune,eiravatipatil@example.org
5761,Kiaan Ganesan,Pune,rushil05@example.com
5762,Chanchal Rattan,Pune,girindranori@example.net
5763,Vasudha Cherian,Pune,radhakrishnanurvi@example.org
5764,Dhriti Mittal,Pune,rameshunni@example.com
5765,Krishna Pradhan,Pune,gbhasin@example.net
5766,Rajata Upadhyay,Pune,tyohannan@example.com
5767,Dakshesh Sachdeva,Pune,aarinikala@example.com
5768,Fiyaz Dube,Pune,abha15@example.org
5769,Yashoda Lala,Pune,bbera@example.org
5770,Janani Parsa,Pune,viraj93@example.net
5771,Yutika Solanki,Pune,gautamichadha@example.org
5772,Ganga Ganguly,Pune,lparekh@example.net
5773,Daniel Jhaveri,Pune,suhanioak@example.net
5774,Triveni Tripathi,Pune,duttamax@example.org
5775,Hemangini Vasa,Pune,xbatra@example.com
5776,Jacob Tak,Pune,rsami@example.net
5777,Ikbal Arora,Pune,daminisekhon@example.net
5778,Upkaar Jani,Pune,tanaymammen@example.com
5779,Upadhriti Seshadri,Pune,jasonratta@example.org
5780,Qabil Loke,Pune,routaashi@example.net
5781,Shaurya Bhatti,Pune,kamyachhabra@example.com
5782,Agastya Lad,Pune,urattan@example.com
5783,Chavvi Nagar,Pune,dparekh@example.org
5784,Tanish Goda,Pune,jalsa43@example.net
5785,Bhavika Kaur,Pune,rbabu@example.com
5786,Aradhana Khatri,Pune,tanvi66@example.com
5787,Veda Tara,Pune,dhillonabhimanyu@example.com
5788,Mason Ganesan,Pune,iborde@example.org
5789,Kashvi Om,Pune,zkadakia@example.com
5790,Mohammed Mand,Pune,ishasahota@example.org
5791,Jalsa Deep,Pune,xacharya@example.org
5792,Ishwar Arora,Pune,duttashaurya@example.net
5793,Pallavi Natt,Pune,keya41@example.org
5794,Isaac Som,Pune,daksha83@example.com
5795,Mahika Aurora,Pune,jhaveriabdul@example.org
5796,Om Nath,Pune,ibasu@example.com
5797,Anmol Prasad,Pune,rayaanthakur@example.net
5798,Bhavna Prakash,Pune,ronith96@example.net
5799,Faris Bhalla,Pune,warhimadan@example.net
5800,Falguni Nazareth,Pune,yatandutt@example.org
5801,Nidra Sachdev,Pune,adara@example.org
5802,Urvi Vaidya,Pune,darsh06@example.org
5803,Chaitaly Bakshi,Pune,boasedev@example.com
5804,Aarav Bava,Pune,sarthak76@example.org
5805,Mugdha Sidhu,Pune,sudiksha54@example.org
5806,Tanvi Sami,Pune,thomas42@example.org
5807,Andrew Mahajan,Pune,jackson66@example.org
5808,Gavin Kurian,Pune,kai23@example.org
5809,Veda Borra,Pune,senarunima@example.com
5810,Sara Kant,Pune,omya18@example.net
5811,Gagan Pradhan,Pune,agrawalnathaniel@example.org
5812,Nathan Bobal,Pune,chawlawidisha@example.net
5813,Akshay Nori,Pune,kaurinaya@example.com
5814,Aahana Kashyap,Pune,yashvichander@example.com
5815,Amaira Sood,Pune,upmasubramaniam@example.com
5816,Teerth Talwar,Pune,kabir99@example.org
5817,Karan Khanna,Pune,subramaniankritika@example.com
5818,Azaan Dash,Pune,abdulbatta@example.org
5819,Vincent Sabharwal,Pune,quincybora@example.org
5820,Chakradev Deep,Pune,bishakha42@example.net
5821,Matthew Amble,Pune,bakshianya@example.com
5822,Gautam Naik,Pune,aarnavreddy@example.com
5823,Liam Anand,Pune,xavier76@example.org
5824,Harita Sahota,Pune,aadhya07@example.net
5825,Lucky Pandya,Pune,raysanya@example.com
5826,Ekaraj Kumer,Pune,varenya51@example.com
5827,Ayaan Balan,Pune,lkota@example.com
5828,Chatresh Mittal,Pune,gdixit@example.net
5829,Raksha Chokshi,Pune,badaltimothy@example.net
5830,Udarsh Sengupta,Pune,yashodharasankar@example.com
5831,Harrison Basak,Pune,devika43@example.net
5832,Ira Deshpande,Pune,lucky62@example.com
5833,Zansi Saxena,Pune,mchander@example.org
5834,Warda Misra,Pune,nakshsinha@example.net
5835,Dalbir Nori,Pune,kadakiajanani@example.org
5836,Sachi Kibe,Pune,chaitaly16@example.net
5837,Brinda Patla,Pune,baljiwan87@example.org
5838,Hredhaan Tara,Pune,prashadkrish@example.net
5839,Ekanta Chauhan,Pune,ramanunnati@example.org
5840,Matthew Hora,Pune,jasmitsahota@example.com
5841,Nathan Kota,Pune,mahikalalla@example.org
5842,Balvan Ramakrishnan,Pune,mandersanya@example.net
5843,Vincent Gola,Pune,urvisundaram@example.org
5844,Gaurang Ahuja,Pune,hema86@example.net
5845,Madhav Sastry,Pune,naveen97@example.org
5846,Yahvi Memon,Pune,bhattisaksham@example.com
5847,Balveer Gill,Pune,samesh75@example.org
5848,Niharika Nigam,Pune,viswanathananvi@example.net
5849,Liam Bassi,Pune,yauvani26@example.com
5850,Udant Kamdar,Pune,ikhalsa@example.net
5851,Timothy Ramakrishnan,Pune,dugarjack@example.com
5852,Jairaj Sanghvi,Pune,kiaan97@example.net
5853,Leela Kumer,Pune,nagyekalinga@example.com
5854,Samesh Korpal,Pune,vasapushti@example.com
5855,Hemang Mander,Pune,nachiket72@example.org
5856,Aadhya Deshpande,Pune,lchauhan@example.org
5857,Jatin Vora,Pune,cbail@example.org
5858,Madhavi Dar,Pune,ikshitakanda@example.org
5859,Leena Karpe,Pune,frederick56@example.com
5860,Nidra Sundaram,Pune,
5861,Oeshi Mohan,Pune,vartyekaraj@example.com
5862,Chandresh Agarwal,Pune,kratta@example.net
5863,Janaki Johal,Pune,lalabanjeet@example.net
5864,Chakradhar Khurana,Pune,kapoorsarthak@example.com
5865,Warjas Mangat,Pune,
5866,Ishaan Swaminathan,Pune,eshanaloyal@example.com
5867,Ekavir Prakash,Pune,yamini75@example.com
5868,Shivani Rajagopalan,Pune,xsrinivas@example.org
5869,Triya Parmar,Pune,yashvibora@example.org
5870,Pratyush Brahmbhatt,Pune,aperi@example.net
5871,Aarini Vala,Pune,upasna50@example.com
5872,Jackson Karan,Pune,palzansi@example.com
5873,Shaurya Sami,Pune,gerasaumya@example.net
5874,Vedhika Peri,Pune,badamiyashawini@example.com
5875,Faraj Varghese,Pune,dbedi@example.org
5876,Kamala Batra,Pune,choudharynoah@example.com
5877,Reva Puri,Pune,inagarajan@example.org
5878,Amrita Mander,Pune,vasudhatrivedi@example.net
5879,Rayaan Manne,Pune,chaaya55@example.com
5880,Om Nori,Pune,sethjeet@example.com
5881,Chanchal Wali,Pune,samarth37@example.net
5882,Idika Ben,Pune,fpatel@example.org
5883,Jagdish Goda,Pune,jacknarayanan@example.net
5884,Bhavna Nath,Pune,ggala@example.org
5885,Shivansh Kaur,Pune,qushi54@example.com
5886,Timothy Dash,Pune,vrishti60@example.net
5887,Amara Sastry,Pune,golayash@example.org
5888,Adweta Chada,Pune,atimitter@example.com
5889,Damyanti Sahni,Pune,anikakadakia@example.net
5890,Pratyush Lad,Pune,sachi70@example.org
5891,Advika Lad,Pune,rvarma@example.net
5892,Aarush Raman,Pune,singhalxavier@example.org
5893,Odika Balasubramanian,Pune,sureshbahadurjit@example.com
5894,Maanav Bora,Pune,charles96@example.net
5895,Ishanvi Goda,Pune,zroy@example.org
5896,Kiaan Tiwari,Pune,uppalyashoda@example.com
5897,Ekalinga Cherian,Pune,chaudharyreva@example.com
5898,Chavvi Ramaswamy,Pune,keerwatika@example.com
5899,Ekani Apte,Pune,nicholas63@example.net
5900,Faraj Nigam,Pune,farhan36@example.net
5901,Laksh Chokshi,Pune,taksachi@example.org
5902,Jalsa Yogi,Pune,nidhimutti@example.net
5903,Zehaan Biswas,Pune,bishakhalad@example.org
5904,Ishwar Nadig,Pune,advaykhalsa@example.com
5905,Jagvi Chakraborty,Pune,chakrikasethi@example.com
5906,Unnati Kata,Pune,riyavaidya@example.net
5907,Guneet Majumdar,Pune,leela55@example.com
5908,Qadim Oak,Pune,jai20@example.org
5909,Gayathri Aggarwal,Pune,upasna87@example.com
5910,Jai Ghose,Pune,gzachariah@example.com
5911,Qarin Shetty,Pune,ehegde@example.net
5912,Chasmum Venkataraman,Pune,fraghavan@example.com
5913,Praneel Sood,Pune,imaranjaggi@example.com
5914,Anthony Chaudhari,Pune,korpalamaira@example.org
5915,Yatin Tiwari,Pune,anamikawadhwa@example.net
5916,Harish Peri,Pune,vincent09@example.net
5917,Farhan Dyal,Pune,rachanawadhwa@example.com
5918,Yashoda Khare,Pune,sbehl@example.net
5919,Vrinda Raju,Pune,anandchandran@example.net
5920,Praneel Rastogi,Pune,
5921,Radhika Joshi,Pune,aryankibe@example.com
5922,Krish De,Pune,hema82@example.com
5923,Dalbir Lad,Pune,panini62@example.net
5924,Damini Pall,Pune,hemang70@example.org
5925,Naveen Ranganathan,Pune,randra@example.net
5926,Dayamai Dada,Pune,isaiahbhatia@example.com
5927,Irya Mander,Pune,yauvanichoudhry@example.com
5928,Netra Venkataraman,Pune,menonekantika@example.org
5929,Aarna Date,Pune,hemajha@example.com
5930,Viraj Pillai,Pune,frado58@example.net
5931,Dayita Morar,Pune,chamelidora@example.net
5932,Radhika Chander,Pune,miteshsandhu@example.com
5933,Anthony Nadig,Pune,nachiketvig@example.org
5934,Zaitra Gupta,Pune,fratta@example.com
5935,Saksham Banerjee,Pune,jasonbuch@example.com
5936,Garima Memon,Pune,sudiksha23@example.com
5937,Jalsa Bhatia,Pune,ldas@example.com
5938,Garima Singhal,Pune,vritti05@example.org
5939,Warhi Sundaram,Pune,ovaidya@example.org
5940,Warjas Garg,Pune,auroraunni@example.com
5941,Vrishti Virk,Pune,vsathe@example.com
5942,Triya Basak,Pune,pbumb@example.com
5943,Shivansh Chacko,Pune,sarkarwishi@example.net
5944,Raghav Parmar,Pune,xmall@example.net
5945,Robert Nayak,Pune,chaitanyahayre@example.org
5946,Gautami Narayanan,Pune,bosegeorge@example.net
5947,Teerth Chada,Pune,vrittimadan@example.com
5948,Matthew Chopra,Pune,lalaoscar@example.org
5949,Bina Brahmbhatt,Pune,gargchanakya@example.org
5950,Oni Chaudhry,Pune,nirjasalvi@example.com
5951,Waida Chandran,Pune,wishiborde@example.com
5952,Arunima Varghese,Pune,craju@example.com
5953,Leena Sachdeva,Pune,mugdhachadha@example.org
5954,Hemang Manne,Pune,balaekaja@example.com
5955,Kai Mand,Pune,patilvasana@example.com
5956,Jack Iyer,Pune,naikikbal@example.net
5957,Nathan Khalsa,Pune,advaith60@example.net
5958,Amrita Lad,Pune,daraturvi@example.net
5959,Yashasvi Rastogi,Pune,manijackson@example.net
5960,Henry Sarraf,Pune,yahviradhakrishnan@example.com
5961,Ishita Mall,Pune,sehgalbakhshi@example.net
5962,Alka Bandi,Pune,vansha37@example.net
5963,Ekavir Sarna,Pune,dipta35@example.net
5964,Tristan Bansal,Pune,andraomaja@example.com
5965,Gabriel Kashyap,Pune,bkaran@example.net
5966,Zarna Shroff,Pune,zansibandi@example.net
5967,Yuvraj Pathak,Pune,ksridhar@example.net
5968,Zilmil Tiwari,Pune,sureshsudiksha@example.com
5969,Maya Brar,Pune,ubhat@example.net
5970,Bachittar Batta,Pune,unni51@example.net
5971,Geetika Pal,Pune,menonaishani@example.org
5972,Max Prasad,Pune,randhawajack@example.net
5973,Urvashi Bandi,Pune,ira05@example.com
5974,Peter Lall,Pune,narangkala@example.org
5975,Xalak Kala,Pune,samarth24@example.net
5976,Frado Ghosh,Pune,sanya47@example.net
5977,William Sodhi,Pune,gautaminayak@example.com
5978,Dominic Talwar,Pune,zbhandari@example.org
5979,Veda Bhavsar,Pune,kuruvillaishwar@example.org
5980,Bhavini Trivedi,Pune,niteshratta@example.net
5981,Daksh Gara,Pune,dtandon@example.com
5982,Gavin Jha,Pune,mbadami@example.com
5983,Nathan Banik,Pune,xavier99@example.org
5984,Jairaj Vyas,Pune,luke52@example.org
5985,Pratyush Babu,Pune,bimala76@example.net
5986,Veda Sastry,Pune,dhriti86@example.org
5987,Vansha Tella,Pune,wshankar@example.org
5988,Charvi Rana,Pune,bailbarkha@example.net
5989,Samarth Ray,Pune,ghoshbhavini@example.org
5990,Amol Bali,Pune,indiraben@example.net
5991,Owen Rajan,Pune,vamakshimajumdar@example.org
5992,Farhan Bedi,Pune,david09@example.org
5993,Eshana Dhar,Pune,groverria@example.net
5994,Eiravati Chauhan,Pune,walisudiksha@example.com
5995,Abdul Narasimhan,Pune,rattanbimala@example.org
5996,Chanchal Wason,Pune,aradhanaaurora@example.com
5997,Anthony Bajwa,Pune,valapeter@example.org
5998,Bhavna Gill,Pune,mram@example.net
5999,Brijesh Sha,Pune,niharika50@example.com
6000,Hemal Ram,Pune,savantvivaan@example.net
6001,Darpan Kumar,Pune,xavier49@example.org
6002,Ubika Oommen,Pune,dayamaibera@example.net
6003,Raksha Mittal,Pune,basakbalendra@example.net
6004,Sneha Borra,Pune,dbanerjee@example.org
6005,Ridhi Lad,Pune,kotavidhi@example.org
6006,Zehaan Nagarajan,Pune,ishani60@example.org
6007,Sneha Hayer,Pune,masterbhavika@example.com
6008,Fitan Nayar,Pune,widisha46@example.net
6009,Lipika Mishra,Pune,ykakar@example.org
6010,Champak Mani,Pune,aptevrishti@example.com
6011,Zashil Mahal,Pune,ymall@example.net
6012,Vedant Gola,Pune,imall@example.org
6013,Deepa Dhillon,Pune,sodhirachana@example.org
6014,Lipika Ahluwalia,Pune,cvirk@example.org
6015,Balendra Pant,Pune,qadim77@example.org
6016,Pranit Ramesh,Pune,jnigam@example.com
6017,Ekansh Bhakta,Pune,qarinsandal@example.net
6018,Theodore Kamdar,Pune,lakshmimukhopadhyay@example.org
6019,Krisha Bal,Pune,glad@example.org
6020,Maya Dada,Pune,shereedhitha@example.org
6021,Chanchal Chaudhary,Pune,shravyamukhopadhyay@example.org
6022,Laban Choudhary,Pune,deyanya@example.net
6023,Tanay Dugal,Pune,yauvanivyas@example.com
6024,Nikita Goel,Pune,nicholasratti@example.net
6025,Varsha Palla,Pune,timothy86@example.net
6026,Janani Sampath,Pune,chandrandarsh@example.net
6027,Ishwar Karan,Pune,mayasachdev@example.net
6028,Vihaan Keer,Pune,arin01@example.net
6029,Nilima Jain,Pune,rbarad@example.org
6030,Ikbal Nadig,Pune,janya26@example.org
6031,Urishilla Ramaswamy,Pune,yuvraj34@example.net
6032,Samar Rout,Pune,urvi77@example.org
6033,Mekhala Deol,Pune,tanmayi02@example.org
6034,Ekanta Jani,Pune,amrita91@example.org
6035,Nitesh Parmer,Pune,
6036,Vansha Nagi,Pune,unnitalwar@example.com
6037,Aryan Natt,Pune,cpal@example.net
6038,Krisha Gokhale,Pune,gandhikevin@example.com
6039,Mohammed Guha,Pune,revasahota@example.com
6040,Eiravati Parikh,Pune,swaminathanoni@example.net
6041,Noah Parmar,Pune,raagini76@example.net
6042,Nandini Kant,Pune,mason32@example.com
6043,Anirudh Ghose,Pune,chanagarima@example.com
6044,Rachit Raman,Pune,wmannan@example.org
6045,Umang Sahota,Pune,dmutti@example.org
6046,Mitesh Basu,Pune,harini60@example.com
6047,Udarsh Chand,Pune,uppaladvik@example.net
6048,Yug Dhillon,Pune,pallhenry@example.com
6049,Daniel Agate,Pune,chaudhrytripti@example.com
6050,Brinda Raval,Pune,rsubramanian@example.org
6051,Damyanti Kumer,Pune,yogisaksham@example.net
6052,Panini Rai,Pune,benjamin67@example.org
6053,Balvan Venkatesh,Pune,chaayasahni@example.org
6054,Yatin Peri,Pune,vsarma@example.org
6055,Yachana Bera,Pune,qsaxena@example.net
6056,Balvan Narain,Pune,shanabha@example.net
6057,Gayathri Lad,Pune,vartyvasatika@example.com
6058,Geetika Sehgal,Pune,prabhugauri@example.org
6059,Ekalinga Ramanathan,Pune,badaldakshesh@example.net
6060,Watika Banik,Pune,williamiyengar@example.com
6061,Anusha Varkey,Pune,santzarna@example.com
6062,Hemal Sinha,Pune,nayakbarkha@example.com
6063,Harinakshi Merchant,Pune,lalomaja@example.net
6064,Nidhi Bail,Pune,uvarughese@example.com
6065,Max Iyer,Pune,zayan68@example.org
6066,Theodore Natarajan,Pune,kotharimason@example.net
6067,Bhavani Kala,Pune,dateindali@example.com
6068,Rudra Aggarwal,Pune,onkar05@example.com
6069,Logan Doctor,Pune,niharika27@example.org
6070,Gaurang Dey,Pune,varsha41@example.org
6071,Veda Kibe,Pune,triyapatla@example.com
6072,Isaiah Bhardwaj,Pune,bediaayush@example.net
6073,Devansh Loyal,Pune,diya53@example.com
6074,Ekavir Purohit,Pune,shroffreyansh@example.org
6075,Ayushman Ravel,Pune,kkaul@example.com
6076,Lakshmi Mital,Pune,rudra54@example.net
6077,Tripti Sastry,Pune,fiyazmohan@example.org
6078,Tejas Ravel,Pune,qramanathan@example.org
6079,Wakeeta Oza,Pune,gunbir39@example.net
6080,Ekani Issac,Pune,ypanchal@example.com
6081,Lopa Narasimhan,Pune,chahalpahal@example.net
6082,Gautam Nadkarni,Pune,onkarloke@example.net
6083,Mekhala Toor,Pune,daksheshbhagat@example.org
6084,Isaac Khare,Pune,obajaj@example.net
6085,Abeer Viswanathan,Pune,ayaanoommen@example.net
6086,Devika Mangal,Pune,zaitra47@example.com
6087,Wahab Ratti,Pune,tsule@example.com
6088,Leela Agrawal,Pune,lohit69@example.com
6089,Sneha Kuruvilla,Pune,anay17@example.net
6090,Nidhi Vaidya,Pune,varenya93@example.com
6091,Yauvani Palla,Pune,zdivan@example.org
6092,Anjali Bajwa,Pune,tejas50@example.org
6093,Viraj Tailor,Pune,bina47@example.org
6094,Niharika Walia,Pune,yuvraj97@example.net
6095,Neelima Bains,Pune,jeet62@example.com
6096,Jeremiah Subramanian,Pune,kakarrehaan@example.com
6097,Viraj Badami,Pune,henry98@example.com
6098,Vincent Kant,Pune,boraladli@example.com
6099,Ekalinga Kadakia,Pune,karanmandal@example.org
6100,Aayush Hayer,Pune,kadedamini@example.net
6101,Meghana Dugar,Pune,chakradharpalan@example.net
6102,Praneel Mammen,Pune,patlachandani@example.net
6103,Vansha Sanghvi,Pune,urvashidugal@example.org
6104,Yamini Bhatti,Pune,sachdevadarpan@example.net
6105,Charles Konda,Pune,ipandit@example.net
6106,Lipika Cheema,Pune,chadteerth@example.com
6107,Mohini Bora,Pune,patilgagan@example.net
6108,Anthony Kapur,Pune,dviswanathan@example.com
6109,Zayan Goswami,Pune,horatanveer@example.com
6110,Pahal Kapadia,Pune,yastichoudhary@example.org
6111,Girindra Raj,Pune,advika70@example.com
6112,Omkaar Dora,Pune,hmagar@example.com
6113,Mekhala Bail,Pune,odoctor@example.net
6114,Naveen Ramaswamy,Pune,vrandhawa@example.com
6115,Tripti Bhavsar,Pune,babucharita@example.com
6116,Ronith Mitra,Pune,denandini@example.org
6117,Wakeeta Bath,Pune,
6118,Udarsh Sarin,Pune,shethanay@example.com
6119,Jeremiah Aggarwal,Pune,karan48@example.org
6120,Samar Shroff,Pune,ayaanvala@example.org
6121,Rajeshri Om,Pune,azaan83@example.org
6122,Triveni Mani,Pune,zhayer@example.com
6123,Qasim Rattan,Pune,samarthbutala@example.com
6124,Atharv Prashad,Pune,surdiya@example.org
6125,Bhanumati Mistry,Pune,ridhi05@example.com
6126,Reyansh Mohanty,Pune,alexander26@example.com
6127,Harrison Dugal,Pune,arunima93@example.net
6128,Krishna Atwal,Pune,jagdish69@example.com
6129,Indrajit Tella,Pune,lakshitsodhi@example.org
6130,Anvi Pant,Pune,ybahl@example.org
6131,Aachal Chaudhry,Pune,oeshi94@example.org
6132,Vaishnavi Kar,Pune,siddharthkari@example.net
6133,Veer Nagi,Pune,hemangdas@example.com
6134,Rajata Jaggi,Pune,shantarak@example.net
6135,Geetika Nadig,Pune,shauryarama@example.net
6136,Jeremiah Dey,Pune,jayaramanazad@example.net
6137,Ayushman Shah,Pune,sharafgaurangi@example.org
6138,Hiral Palan,Pune,farhanparmar@example.org
6139,Vaishnavi Banik,Pune,wshukla@example.org
6140,Ekalinga Thakkar,Pune,duttaurishilla@example.org
6141,Teerth Bala,Pune,lyohannan@example.net
6142,Saumya Ravi,Pune,nagarajanchasmum@example.net
6143,Omaja Madan,Pune,csavant@example.org
6144,Pranav Banik,Pune,ekanibrar@example.com
6145,Christopher Parmer,Pune,danielandra@example.com
6146,Vamakshi Chad,Pune,grovermadhav@example.org
6147,Ganga Chawla,Pune,osha@example.org
6148,Tanish Soman,Pune,bhavanichandra@example.net
6149,Bhavani Borra,Pune,fbalasubramanian@example.net
6150,Dalaja Varughese,Pune,
6151,Ishita Choudhury,Pune,onveerwalia@example.com
6152,Advika Chaudhary,Pune,meghana66@example.net
6153,Advay Samra,Pune,turvimisra@example.com
6154,Siya Sridhar,Pune,megharana@example.com
6155,Hema Dixit,Pune,vyasneel@example.net
6156,Pavani Kadakia,Pune,wakeeta18@example.net
6157,Viraj Bhatnagar,Pune,zbadal@example.org
6158,Rohan Wable,Pune,qbajwa@example.org
6159,Anay Banerjee,Pune,hredhaanmodi@example.com
6160,Noah Chad,Pune,avichaudhry@example.com
6161,Faris Halder,Pune,utkarshsura@example.org
6162,Upkaar Magar,Pune,avirk@example.org
6163,Vrinda Chandra,Pune,atwalvamakshi@example.net
6164,Samuel Dora,Pune,gauri30@example.org
6165,Chaman Jain,Pune,mekhalaraju@example.com
6166,Gaurang Chada,Pune,kritikasarna@example.com
6167,Eesha Chopra,Pune,asetty@example.net
6168,Samesh Kale,Pune,vaishnavimandal@example.org
6169,Vrinda Ahuja,Pune,ganesansaksham@example.net
6170,Suhani Brar,Pune,kbose@example.com
6171,Owen Kala,Pune,ozaanika@example.net
6172,Zinal Bala,Pune,prabhakarosha@example.com
6173,Ucchal Ranganathan,Pune,udyati65@example.net
6174,Ojas Sani,Pune,meghana37@example.net
6175,Eta Desai,Pune,waliadominic@example.com
6176,Samaksh Dixit,Pune,okhalsa@example.com
6177,Samaksh Toor,Pune,bhavnagoswami@example.com
6178,Reva Jhaveri,Pune,dyalleena@example.org
6179,Aayush Samra,Pune,sagarbishakha@example.org
6180,Hemani Kuruvilla,Pune,wyattrastogi@example.com
6181,Dalaja Chauhan,Pune,abhajha@example.net
6182,Krishna Deo,Pune,ahluwaliajairaj@example.org
6183,Isha Pal,Pune,ganesanlavanya@example.com
6184,Vasatika Patil,Pune,gsubramanian@example.net
6185,Sanaya Kaul,Pune,patildeepa@example.net
6186,Hemang Sen,Pune,trivenivarughese@example.org
6187,Fariq Magar,Pune,iyengarnicholas@example.org
6188,Vidhi Bala,Pune,brijeshtara@example.net
6189,Vedika Mammen,Pune,aarushbobal@example.net
6190,Urishilla Sandal,Pune,kaurpriya@example.net
6191,Daniel Nagy,Pune,omamara@example.net
6192,Anmol Kota,Pune,faqidchopra@example.org
6193,Nachiket Khanna,Pune,bansalpraneel@example.org
6194,Sathvik Baral,Pune,hsethi@example.com
6195,Chandani Thakur,Pune,tradhakrishnan@example.net
6196,Pushti Mutti,Pune,ekanta80@example.com
6197,Samuel Dar,Pune,raksha88@example.com
6198,Yochana Varkey,Pune,ukapadia@example.com
6199,Rohan Babu,Pune,nirjayohannan@example.com
6200,Diya Goyal,Pune,nitara92@example.com
6201,Rachit Nagy,Pune,memonalka@example.org
6202,Reva Mody,Pune,hayerfrederick@example.org
6203,Faraj Natarajan,Pune,rray@example.com
6204,Chakradhar Pandey,Pune,lilamodi@example.com
6205,Kashvi Bhargava,Pune,naraingeetika@example.net
6206,Girish Tandon,Pune,gautamdeo@example.com
6207,Krish Ghosh,Pune,
6208,Onveer Agate,Pune,gbrahmbhatt@example.net
6209,Nachiket Joshi,Pune,niharika76@example.net
6210,Imaran Hans,Pune,
6211,Rudra Kibe,Pune,girindra56@example.com
6212,Deepa Bhatnagar,Pune,swarrior@example.com
6213,Raagini Saran,Pune,varenyakashyap@example.net
6214,Jai Sarkar,Pune,bkothari@example.org
6215,Ganga Mane,Pune,chhabraaarini@example.net
6216,Gavin Toor,Pune,zchanda@example.com
6217,Zansi Keer,Pune,varshamann@example.org
6218,Vasudha Narula,Pune,fdivan@example.org
6219,Jack Edwin,Pune,christopher24@example.net
6220,Tanay Chatterjee,Pune,janyaprakash@example.org
6221,Harini Sami,Pune,xoommen@example.net
6222,Ethan Tata,Pune,achaudry@example.org
6223,Saanvi Sodhi,Pune,fbhatnagar@example.net
6224,Tanmayi Char,Pune,narayanisha@example.org
6225,Yuvraj Subramaniam,Pune,lakshit52@example.com
6226,Anita Sibal,Pune,aroraosha@example.net
6227,Xiti Rajagopalan,Pune,zayyan08@example.com
6228,Dev Goyal,Pune,yahvi12@example.org
6229,Saksham Hari,Pune,godaoviya@example.com
6230,Nihal Bhakta,Pune,girindra58@example.net
6231,Lila Chandran,Pune,warhi54@example.org
6232,Udant Halder,Pune,econtractor@example.org
6233,Azad Rajagopalan,Pune,
6234,Nikita D’Alia,Pune,nikitanarula@example.com
6235,Saksham Kumar,Pune,nirjapradhan@example.com
6236,Darpan Modi,Pune,pallnihal@example.org
6237,Hritik Tailor,Pune,lakshit42@example.net
6238,Amara Chaudhuri,Pune,aarnavenkatesh@example.net
6239,Kashvi Seth,Pune,rbaria@example.net
6240,Bhavya Pathak,Pune,asharma@example.org
6241,Oviya Sachdeva,Pune,shroffrushil@example.com
6242,Oscar Loke,Pune,etiwari@example.org
6243,Zayyan Gaba,Pune,xbadami@example.org
6244,Manya Bains,Pune,daksheshbuch@example.org
6245,Unni Mitra,Pune,khannadarsh@example.com
6246,Samesh Koshy,Pune,mshan@example.org
6247,Aditya Ray,Pune,bahadurjit74@example.net
6248,Xavier Borde,Pune,wahabsant@example.com
6249,Atharv Cherian,Pune,yatindayal@example.org
6250,Omkaar Hans,Pune,klal@example.com
6251,Kamya Deol,Pune,dayalshaurya@example.com
6252,Vinaya Oza,Pune,zloke@example.com
6253,Yauvani Issac,Pune,rajagopalanbarkha@example.com
6254,Kashvi Banerjee,Pune,kotharikeya@example.org
6255,Ekalinga Aggarwal,Pune,boseekantika@example.com
6256,Avni Halder,Pune,devirachit@example.org
6257,Abha Maharaj,Pune,christopherpillai@example.net
6258,Ridhi Baria,Pune,hansyochana@example.net
6259,Azaan Zachariah,Pune,karanlad@example.com
6260,Wyatt Narayanan,Pune,hredhaanmagar@example.com
6261,Nakul Batra,Pune,veer18@example.org
6262,Ekantika Iyer,Pune,kgoswami@example.com
6263,Thomas Tandon,Pune,isule@example.com
6264,Jhalak Borra,Pune,chaudrysathvik@example.org
6265,Isha Hari,Pune,theodore11@example.org
6266,Zaitra Chaudhuri,Pune,lbobal@example.com
6267,Radha Dugar,Pune,triyagupta@example.com
6268,Jagvi Kaul,Pune,chatterjeefalan@example.com
6269,Nikita Gupta,Pune,pratyushpradhan@example.net
6270,Ronith Dubey,Pune,ldatta@example.org
6271,Jack Wason,Pune,sundervidhi@example.org
6272,Owen Nagy,Pune,qnarang@example.net
6273,Yashawini Thaker,Pune,fbehl@example.com
6274,Gautami Gopal,Pune,hemal33@example.com
6275,Chandresh Chhabra,Pune,nmurty@example.net
6276,Jeevika Nath,Pune,neha33@example.com
6277,Ucchal Buch,Pune,ayaan69@example.com
6278,Warda Ratta,Pune,regeutkarsh@example.com
6279,Gunbir De,Pune,nishasagar@example.net
6280,Liam Raja,Pune,unnati30@example.org
6281,Mohini Sangha,Pune,rdayal@example.org
6282,Janaki Sarraf,Pune,varenya91@example.net
6283,Yauvani Sridhar,Pune,priya24@example.net
6284,Yashvi Radhakrishnan,Pune,ybrahmbhatt@example.com
6285,Gunbir Mangal,Pune,siddharth66@example.com
6286,Anmol Mitter,Pune,parthgoyal@example.net
6287,Imaran Kaur,Pune,abhagat@example.net
6288,Yashoda Tella,Pune,jluthra@example.net
6289,Rachita Sagar,Pune,rajatarout@example.com
6290,Qushi Kota,Pune,parmarvedant@example.org
6291,Varsha Ravel,Pune,agrawalomkaar@example.org
6292,Thomas Thakkar,Pune,rachita59@example.net
6293,Rachit Bora,Pune,frado71@example.com
6294,Ryan Parmer,Pune,wbhavsar@example.com
6295,Rachit Wadhwa,Pune,brahmbhattprisha@example.org
6296,Deepa Joshi,Pune,maanaskumer@example.com
6297,Darsh Doctor,Pune,mugdhasarma@example.com
6298,Shivansh Ravi,Pune,triptibutala@example.com
6299,Radha Malhotra,Pune,mpillai@example.com
6300,Madhav Gola,Pune,irasastry@example.com
6301,Zayyan Gaba,Pune,girishbal@example.net
6302,Tanveer Shah,Pune,chaitanyabalakrishnan@example.com
6303,Neelima Randhawa,Pune,garggeetika@example.org
6304,Robert Sen,Pune,ekbaldar@example.net
6305,Nathan Babu,Pune,wishi45@example.net
6306,Laban Varty,Pune,hemangcherian@example.org
6307,Baghyawati Lala,Pune,esen@example.net
6308,Guneet Kari,Pune,cnarayanan@example.net
6309,Advay Gola,Pune,muniharish@example.net
6310,Ridhi Mahajan,Pune,anthonytailor@example.org
6311,Jack Narayanan,Pune,samajairaj@example.com
6312,Panini Date,Pune,ndeo@example.com
6313,Baljiwan Chauhan,Pune,wadhwadalbir@example.org
6314,Megha Vora,Pune,tchokshi@example.net
6315,Yashoda Raval,Pune,hemanibajwa@example.net
6316,Advay Kanda,Pune,libni77@example.com
6317,Prisha Munshi,Pune,wriddhishdhillon@example.org
6318,Divya Apte,Pune,warjasbarad@example.net
6319,Banjeet Prashad,Pune,muttiparth@example.org
6320,Megha Gala,Pune,gsastry@example.com
6321,Anita Raju,Pune,upurohit@example.net
6322,Vedhika Dewan,Pune,zchopra@example.net
6323,Lekha Sandhu,Pune,naiduarunima@example.com
6324,Mugdha Mall,Pune,sharafshravya@example.com
6325,Siya Bakshi,Pune,jacob54@example.org
6326,Siya Seshadri,Pune,pkurian@example.org
6327,Nidra Mahajan,Pune,lopa64@example.com
6328,Aarush Kalla,Pune,megha83@example.org
6329,Patrick Chakraborty,Pune,mahikachada@example.net
6330,Balvan Batra,Pune,lipikabawa@example.org
6331,Pranit Madan,Pune,
6332,Osha Doctor,Pune,bishakha65@example.com
6333,Upkaar Nayak,Pune,samuel65@example.com
6334,Amol Sahni,Pune,tarauppal@example.net
6335,Robert Pingle,Pune,eta04@example.net
6336,Jagat Dey,Pune,saiyadav@example.com
6337,Agastya Malhotra,Pune,vargheseabha@example.org
6338,Manya Sarkar,Pune,jnagy@example.com
6339,Wyatt Hayer,Pune,lopanarayanan@example.net
6340,Raagini Krishna,Pune,dalaladvika@example.org
6341,Tejas Jaggi,Pune,shivanidada@example.org
6342,Vinaya Munshi,Pune,lakshagate@example.net
6343,Vidhi Thaman,Pune,modygaurang@example.net
6344,Upasna Tank,Pune,henry15@example.com
6345,Abhiram Mohan,Pune,jhapahal@example.org
6346,Darika Goel,Pune,horanetra@example.org
6347,Amrita Rege,Pune,kulkarniharrison@example.com
6348,Keya Sastry,Pune,tbhavsar@example.org
6349,Forum Guha,Pune,advaith51@example.com
6350,Kai Narasimhan,Pune,dborde@example.com
6351,Arya Yadav,Pune,kulkarnipriya@example.com
6352,Hemani Kala,Pune,patlaqabil@example.com
6353,Yadavi Chowdhury,Pune,dubeyomisha@example.com
6354,Champak Maharaj,Pune,samarhegde@example.org
6355,Nikita Kumer,Pune,ayushmannayak@example.org
6356,Eshana Ramaswamy,Pune,calebsagar@example.com
6357,Aachal More,Pune,sarthakbali@example.com
6358,Gaurav Sinha,Pune,oshapatel@example.com
6359,Dominic Basu,Pune,ysuresh@example.com
6360,Anmol Cheema,Pune,norinitesh@example.net
6361,Fiyaz Bhatt,Pune,lipika83@example.net
6362,Falguni Kurian,Pune,hkashyap@example.org
6363,Jagvi Thakkar,Pune,ubutala@example.net
6364,Yashoda Batra,Pune,borahvincent@example.com
6365,Sara Kohli,Pune,ramachandrangagan@example.com
6366,Vrinda Nayar,Pune,fitanagate@example.net
6367,Ubika Divan,Pune,dalbirsehgal@example.net
6368,Xalak Mallick,Pune,boasetanvi@example.com
6369,Rayaan Bumb,Pune,vinayaboase@example.org
6370,Nihal Gole,Pune,wcheema@example.net
6371,Shaurya Bedi,Pune,vtak@example.net
6372,Ria Hayer,Pune,diptasastry@example.org
6373,Lakshit Tara,Pune,arjun56@example.org
6374,Unnati Shere,Pune,yogibarkha@example.net
6375,Ekbal D’Alia,Pune,isaac00@example.net
6376,Yashoda Rao,Pune,brinda72@example.org
6377,Eesha Mukherjee,Pune,maanasvarkey@example.org
6378,Ira Palla,Pune,sankaravi@example.com
6379,Parth Morar,Pune,mahajanchatura@example.net
6380,Nachiket Mallick,Pune,buchishanvi@example.org
6381,Pratyush Kar,Pune,saisachdeva@example.org
6382,Chavvi Gill,Pune,zbhagat@example.org
6383,Henry Shukla,Pune,lucky63@example.org
6384,Pranav Gandhi,Pune,liladass@example.net
6385,Nisha Vaidya,Pune,qabil81@example.org
6386,Dalaja Sagar,Pune,
6387,Gopal Chahal,Pune,doctorbaghyawati@example.org
6388,Rohan Patil,Pune,ayushswaminathan@example.net
6389,Saumya Batra,Pune,bahriaarini@example.org
6390,Anya Tandon,Pune,gillunnati@example.org
6391,Ijaya Sule,Pune,zaitra42@example.net
6392,Anirudh Mann,Pune,fkala@example.org
6393,Abhimanyu Chopra,Pune,lekhamody@example.org
6394,Shivansh Bala,Pune,raagininarayanan@example.org
6395,Varsha Soman,Pune,shethgirindra@example.com
6396,Watika Dayal,Pune,zaidnatarajan@example.org
6397,Chasmum Pall,Pune,idugar@example.org
6398,Baljiwan Goel,Pune,rajata04@example.com
6399,Urvi Vaidya,Pune,lallakrish@example.net
6400,Harinakshi Deo,Pune,owenbala@example.net
6401,Chakrika Goyal,Pune,epau@example.org
6402,Krish Gola,Pune,anmol46@example.org
6403,Niharika Yadav,Pune,bhalder@example.com
6404,Ekalinga Venkataraman,Pune,yashodharawable@example.org
6405,Fiyaz Krishnamurthy,Pune,vasana05@example.net
6406,Dalbir Som,Pune,danielchatterjee@example.com
6407,Chatura Natt,Pune,sacharanmol@example.org
6408,Bahadurjit Basak,Pune,joshua35@example.net
6409,Krishna Grover,Pune,inatt@example.net
6410,Oliver Dada,Pune,janakidugar@example.net
6411,Balvan Ganesan,Pune,dassbhavika@example.com
6412,Adweta Mangat,Pune,hritikedwin@example.com
6413,Aarnav Menon,Pune,rohanbedi@example.net
6414,Anirudh Rajan,Pune,bhattaarush@example.net
6415,Yoshita Basak,Pune,bbatra@example.net
6416,Caleb Swaminathan,Pune,gvarughese@example.com
6417,Janaki Yadav,Pune,jbansal@example.net
6418,Eesha Modi,Pune,pranitchadha@example.org
6419,Tarak Gandhi,Pune,rsane@example.org
6420,Onveer Narula,Pune,kdhawan@example.com
6421,Nilima Dalal,Pune,matthew42@example.com
6422,Chanchal Yadav,Pune,indali80@example.net
6423,Chasmum Chacko,Pune,jsaini@example.net
6424,Lucky Chander,Pune,robert88@example.com
6425,Robert Bahl,Pune,fsood@example.net
6426,Diya Lanka,Pune,panchalzashil@example.com
6427,Sathvik Arora,Pune,nilima82@example.org
6428,Naveen Singhal,Pune,acharyabhavna@example.org
6429,Ridhi Bala,Pune,amairapandya@example.org
6430,Tanmayi Wable,Pune,krishasharaf@example.com
6431,Warjas Kade,Pune,hamsini58@example.org
6432,Jackson Manda,Pune,omgautami@example.org
6433,Ekani Prakash,Pune,chakrabartifitan@example.com
6434,Amol Bajaj,Pune,vincent35@example.com
6435,Chaitaly Narayanan,Pune,sachdevadalaja@example.com
6436,Yatan Deshpande,Pune,ekrishnan@example.com
6437,Laksh Pathak,Pune,
6438,Elijah Dass,Pune,vinayaranganathan@example.org
6439,Devansh Bahl,Pune,benjamin20@example.com
6440,Vasudha Dass,Pune,nilima79@example.net
6441,Aadhya Khatri,Pune,yaminivarty@example.org
6442,Isha Krish,Pune,radha55@example.com
6443,Tanay Walia,Pune,georgekohli@example.com
6444,Balendra Mahajan,Pune,fchadha@example.org
6445,Lekha Bedi,Pune,memonmeghana@example.net
6446,Chandani Mutti,Pune,vpau@example.org
6447,Chaitaly Khanna,Pune,nirja49@example.org
6448,Lajita Viswanathan,Pune,sanghvisanaya@example.net
6449,Tara Khosla,Pune,bhatiaeiravati@example.net
6450,Darika Chokshi,Pune,kalamaya@example.org
6451,Urvi Prasad,Pune,nattoeshi@example.net
6452,Veda Badal,Pune,yashvi61@example.net
6453,Damyanti Dhillon,Pune,obaral@example.com
6454,Arjun Aurora,Pune,nswaminathan@example.org
6455,Warhi Krishnan,Pune,bhatnagarojas@example.org
6456,Dalaja Narula,Pune,vgarde@example.org
6457,Manan Kaul,Pune,bhanumati72@example.com
6458,Dipta D’Alia,Pune,ladli82@example.net
6459,Benjamin Saran,Pune,mraju@example.com
6460,Jatin Apte,Pune,chandani81@example.net
6461,Ekaraj Bumb,Pune,jack71@example.com
6462,Yochana Thakkar,Pune,qrao@example.com
6463,Vidhi Palla,Pune,rudra96@example.net
6464,Dominic Gandhi,Pune,leena38@example.com
6465,Xavier Keer,Pune,lprakash@example.com
6466,Eshana Agarwal,Pune,iviswanathan@example.net
6467,Agastya Bala,Pune,
6468,Sara Sekhon,Pune,schopra@example.net
6469,Ojas Padmanabhan,Pune,aarush53@example.com
6470,Kalpit Loke,Pune,vivaan37@example.net
6471,Yatin Nadig,Pune,kvyas@example.net
6472,Christopher Venkatesh,Pune,ishashetty@example.net
6473,Chameli Tank,Pune,veer80@example.org
6474,Jhalak Rai,Pune,obansal@example.org
6475,Janya Goel,Pune,jwable@example.org
6476,Yatan Viswanathan,Pune,ishaan03@example.com
6477,Manya Mahajan,Pune,uroy@example.net
6478,Gautami Maharaj,Pune,raagini46@example.org
6479,Sathvik Oak,Pune,lchakrabarti@example.net
6480,Meghana Balasubramanian,Pune,xbalasubramanian@example.com
6481,Balhaar Parmar,Pune,gnatarajan@example.org
6482,Hiral Kata,Pune,mchatterjee@example.org
6483,Omisha Sani,Pune,zaitra93@example.net
6484,Yahvi D’Alia,Pune,tsachar@example.com
6485,Ekaja Upadhyay,Pune,vlad@example.com
6486,Balvan Pingle,Pune,bhavika80@example.org
6487,Jatin Pal,Pune,libninarayanan@example.com
6488,Benjamin Dara,Pune,xhari@example.org
6489,Lila Luthra,Pune,onveeryogi@example.org
6490,Jagvi Sama,Pune,lilaparmar@example.net
6491,Anika Padmanabhan,Pune,rudra80@example.org
6492,Upma Verma,Pune,triya28@example.net
6493,Dayamai Oommen,Pune,wsuri@example.net
6494,Ganga Uppal,Pune,samarbhattacharyya@example.com
6495,Jagat Gill,Pune,meghasarin@example.com
6496,Idika Goswami,Pune,rzachariah@example.net
6497,Urvashi Banerjee,Pune,praneelbora@example.com
6498,Janaki Nadkarni,Pune,kuruvillaaarush@example.net
6499,Ishita Date,Pune,jgarde@example.com
6500,Tara Dalal,Pune,ckhurana@example.com
