OrderKey,DeviceType
2001,Tablet
2002,Mobile
2003,Tablet
2004,Tablet
2005,Mobile
2006,Mobile
2007,Tablet
2008,Desktop
2009,Tablet
2010,Tablet
2011,Tablet
2012,Tablet
2013,Mobile
2014,Tablet
2015,Desktop
2016,Mobile
2017,Desktop
2018,Desktop
2019,Desktop
2020,Desktop
2021,Mobile
2022,Mobile
2023,Desktop
2024,Desktop
2025,Mobile
2026,Mobile
2027,Mobile
2028,Tablet
2029,Tablet
2030,Tablet
2031,Desktop
2032,Tablet
2033,Desktop
2034,Desktop
2035,Tablet
2036,Desktop
2037,Tablet
2038,Tablet
2039,Mobile
2040,Tablet
2041,Mobile
2042,Tablet
2043,Tablet
2044,Mobile
2045,Mobile
2046,Tablet
2047,Desktop
2048,Mobile
2049,Desktop
2050,Desktop
2051,Desktop
2052,Mobile
2053,Desktop
2054,Mobile
2055,Desktop
2056,Tablet
2057,Tablet
2058,Mobile
2059,Tablet
2060,Tablet
2061,Desktop
2062,Mobile
2063,Desktop
2064,Desktop
2065,Desktop
2066,Desktop
2067,Desktop
2068,Desktop
2069,Desktop
2070,Mobile
2071,Tablet
2072,Desktop
2073,Desktop
2074,Desktop
2075,Desktop
2076,Desktop
2077,Desktop
2078,Tablet
2079,Tablet
2080,Desktop
2081,Tablet
2082,Mobile
2083,Desktop
2084,Mobile
2085,Mobile
2086,Desktop
2087,Tablet
2088,Mobile
2089,Desktop
2090,Mobile
2091,Mobile
2092,Mobile
2093,Mobile
2094,Tablet
2095,Mobile
2096,Mobile
2097,Mobile
2098,Tablet
2099,Mobile
2100,Mobile
2101,Tablet
2102,Tablet
2103,Tablet
2104,Mobile
2105,Tablet
2106,Tablet
2107,Mobile
2108,Tablet
2109,Mobile
2110,Desktop
2111,Tablet
2112,Desktop
2113,Mobile
2114,Tablet
2115,Mobile
2116,Desktop
2117,Mobile
2118,Tablet
2119,Tablet
2120,Desktop
2121,Mobile
2122,Tablet
2123,Desktop
2124,Tablet
2125,Tablet
2126,Mobile
2127,Tablet
2128,Mobile
2129,Tablet
2130,Desktop
2131,Tablet
2132,Mobile
2133,Mobile
2134,Desktop
2135,Tablet
2136,Tablet
2137,Desktop
2138,Tablet
2139,Tablet
2140,Mobile
2141,Tablet
2142,Tablet
2143,Desktop
2144,Desktop
2145,Mobile
2146,Tablet
2147,Tablet
2148,Tablet
2149,Mobile
2150,Mobile
2151,Desktop
2152,Mobile
2153,Tablet
2154,Tablet
2155,Mobile
2156,Tablet
2157,Tablet
2158,Mobile
2159,Mobile
2160,Tablet
2161,Tablet
2162,Tablet
2163,Desktop
2164,Desktop
2165,Desktop
2166,Mobile
2167,Desktop
2168,Mobile
2169,Mobile
2170,Desktop
2171,Desktop
2172,Desktop
2173,Tablet
2174,Desktop
2175,Tablet
2176,Mobile
2177,Tablet
2178,Moblie
2179,Mobile
2180,Mobile
2181,Mobile
2182,Tablet
2183,Desktop
2184,Mobile
2185,Mobile
2186,Mobile
2187,Tablet
2188,Moblie
2189,Desktop
2190,Tablet
2191,Mobile
2192,Desktop
2193,Mobile
2194,Mobile
2195,Tablet
2196,Desktop
2197,Tablet
2198,Tablet
2199,Desktop
2200,Mobile
2201,Mobile
2202,Desktop
2203,Mobile
2204,Desktop
2205,Desktop
2206,Tablet
2207,Desktop
2208,Tablet
2209,Mobile
2210,Mobile
2211,Mobile
2212,Mobile
2213,Tablet
2214,Mobile
2215,Desktop
2216,Desktop
2217,Desktop
2218,Tablet
2219,Mobile
2220,Mobile
2221,Mobile
2222,Tablet
2223,Desktop
2224,Desktop
2225,Mobile
2226,Desktop
2227,Desktop
2228,Tablet
2229,Tablet
2230,Tablet
2231,Tablet
2232,Mobile
2233,Tablet
2234,Desktop
2235,Mobile
2236,Desktop
2237,Desktop
2238,Desktop
2239,Tablet
2240,Tablet
2241,Mobile
2242,Mobile
2243,Tablet
2244,Desktop
2245,Mobile
2246,Tablet
2247,Tablet
2248,Tablet
2249,Desktop
2250,Tablet
2251,Tablet
2252,Tablet
2253,Tablet
2254,Mobile
2255,Mobile
2256,Tablet
2257,Desktop
2258,Mobile
2259,Tablet
2260,Mobile
2261,Mobile
2262,Desktop
2263,Tablet
2264,Tablet
2265,Desktop
2266,Desktop
2267,Tablet
2268,Tablet
2269,Desktop
2270,Mobile
2271,Mobile
2272,Desktop
2273,Mobile
2274,Desktop
2275,Mobile
2276,Mobile
2277,Tablet
2278,Tablet
2279,Mobile
2280,Mobile
2281,Tablet
2282,Tablet
2283,Tablet
2284,Desktop
2285,Moblie
2286,Tablet
2287,Mobile
2288,Desktop
2289,Desktop
2290,Tablet
2291,Desktop
2292,Mobile
2293,Moblie
2294,Mobile
2295,Mobile
2296,Desktop
2297,Desktop
2298,Desktop
2299,Desktop
2300,Desktop
2301,Tablet
2302,Mobile
2303,Mobile
2304,Mobile
2305,Mobile
2306,Desktop
2307,Mobile
2308,Tablet
2309,Tablet
2310,Mobile
2311,Mobile
2312,Tablet
2313,Tablet
2314,Desktop
2315,Tablet
2316,Desktop
2317,Desktop
2318,Desktop
2319,Desktop
2320,Desktop
2321,Mobile
2322,Tablet
2323,Moblie
2324,Tablet
2325,Tablet
2326,Desktop
2327,Moblie
2328,Desktop
2329,Mobile
2330,Tablet
2331,Mobile
2332,Mobile
2333,Mobile
2334,Tablet
2335,Tablet
2336,Mobile
2337,Mobile
2338,Desktop
2339,Mobile
2340,Desktop
2341,Mobile
2342,Desktop
2343,Tablet
2344,Mobile
2345,Mobile
2346,Mobile
2347,Mobile
2348,Desktop
2349,Mobile
2350,Tablet
2351,Tablet
2352,Mobile
2353,Tablet
2354,Mobile
2355,Mobile
2356,Tablet
2357,Mobile
2358,Tablet
2359,Desktop
2360,Mobile
2361,Desktop
2362,Tablet
2363,Desktop
2364,Desktop
2365,Tablet
2366,Desktop
2367,Desktop
2368,Tablet
2369,Desktop
2370,Tablet
2371,Desktop
2372,Tablet
2373,Tablet
2374,Desktop
2375,Desktop
2376,Desktop
2377,Mobile
2378,Mobile
2379,Mobile
2380,Moblie
2381,Desktop
2382,Tablet
2383,Mobile
2384,Desktop
2385,Tablet
2386,Desktop
2387,Tablet
2388,Desktop
2389,Mobile
2390,Mobile
2391,Desktop
2392,Tablet
2393,Mobile
2394,Mobile
2395,Mobile
2396,Desktop
2397,Moblie
2398,Tablet
2399,Tablet
2400,Tablet
2401,Desktop
2402,Desktop
2403,Tablet
2404,Tablet
2405,Desktop
2406,Tablet
2407,Mobile
2408,Desktop
2409,Tablet
2410,Desktop
2411,Mobile
2412,Desktop
2413,Desktop
2414,Moblie
2415,Desktop
2416,Mobile
2417,Desktop
2418,Desktop
2419,Moblie
2420,Desktop
2421,Tablet
2422,Mobile
2423,Mobile
2424,Mobile
2425,Mobile
2426,Tablet
2427,Desktop
2428,Mobile
2429,Desktop
2430,Tablet
2431,Tablet
2432,Tablet
2433,Mobile
2434,Desktop
2435,Desktop
2436,Desktop
2437,Tablet
2438,Mobile
2439,Tablet
2440,Tablet
2441,Desktop
2442,Tablet
2443,Desktop
2444,Mobile
2445,Desktop
2446,Mobile
2447,Desktop
2448,Tablet
2449,Tablet
2450,Mobile
2451,Mobile
2452,Mobile
2453,Desktop
2454,Desktop
2455,Mobile
2456,Tablet
2457,Desktop
2458,Desktop
2459,Desktop
2460,Mobile
2461,Mobile
2462,Mobile
2463,Mobile
2464,Mobile
2465,Tablet
2466,Tablet
2467,Mobile
2468,Desktop
2469,Mobile
2470,Tablet
2471,Tablet
2472,Desktop
2473,Tablet
2474,Mobile
2475,Desktop
2476,Mobile
2477,Mobile
2478,Desktop
2479,Mobile
2480,Tablet
2481,Mobile
2482,Desktop
2483,Desktop
2484,Desktop
2485,Mobile
2486,Desktop
2487,Desktop
2488,Mobile
2489,Tablet
2490,Mobile
2491,Desktop
2492,Desktop
2493,Mobile
2494,Tablet
2495,Desktop
2496,Desktop
2497,Desktop
2498,Mobile
2499,Desktop
2500,Tablet
2501,Desktop
2502,Desktop
2503,Tablet
2504,Desktop
2505,Mobile
2506,Mobile
2507,Mobile
2508,Tablet
2509,Desktop
2510,Mobile
2511,Tablet
2512,Moblie
2513,Tablet
2514,Mobile
2515,Mobile
2516,Mobile
2517,Tablet
2518,Tablet
2519,Mobile
2520,Tablet
2521,Mobile
2522,Mobile
2523,Desktop
2524,Tablet
2525,Mobile
2526,Mobile
2527,Tablet
2528,Desktop
2529,Desktop
2530,Mobile
2531,Tablet
2532,Desktop
2533,Tablet
2534,Tablet
2535,Mobile
2536,Desktop
2537,Mobile
2538,Desktop
2539,Desktop
2540,Desktop
2541,Desktop
2542,Desktop
2543,Tablet
2544,Mobile
2545,Tablet
2546,Desktop
2547,Mobile
2548,Desktop
2549,Mobile
2550,Tablet
2551,Mobile
2552,Mobile
2553,Mobile
2554,Mobile
2555,Mobile
2556,Desktop
2557,Mobile
2558,Mobile
2559,Tablet
2560,Mobile
2561,Tablet
2562,Desktop
2563,Mobile
2564,Tablet
2565,Tablet
2566,Desktop
2567,Mobile
2568,Mobile
2569,Tablet
2570,Mobile
2571,Tablet
2572,Mobile
2573,Tablet
2574,Mobile
2575,Desktop
2576,Mobile
2577,Mobile
2578,Desktop
2579,Mobile
2580,Desktop
2581,Mobile
2582,Tablet
2583,Tablet
2584,Mobile
2585,Mobile
2586,Mobile
2587,Tablet
2588,Mobile
2589,Tablet
2590,Desktop
2591,Tablet
2592,Tablet
2593,Desktop
2594,Tablet
2595,Mobile
2596,Mobile
2597,Tablet
2598,Mobile
2599,Tablet
2600,Mobile
2601,Mobile
2602,Tablet
2603,Mobile
2604,Tablet
2605,Mobile
2606,Mobile
2607,Desktop
2608,Desktop
2609,Tablet
2610,Desktop
2611,Tablet
2612,Desktop
2613,Mobile
2614,Tablet
2615,Tablet
2616,Mobile
2617,Tablet
2618,Tablet
2619,Desktop
2620,Tablet
2621,Mobile
2622,Desktop
2623,Desktop
2624,Mobile
2625,Mobile
2626,Desktop
2627,Tablet
2628,Desktop
2629,Mobile
2630,Desktop
2631,Mobile
2632,Desktop
2633,Tablet
2634,Desktop
2635,Desktop
2636,Mobile
2637,Moblie
2638,Mobile
2639,Desktop
2640,Tablet
2641,Mobile
2642,Mobile
2643,Desktop
2644,Mobile
2645,Tablet
2646,Tablet
2647,Mobile
2648,Mobile
2649,Desktop
2650,Tablet
2651,Tablet
2652,Mobile
2653,Desktop
2654,Tablet
2655,Tablet
2656,Desktop
2657,Desktop
2658,Tablet
2659,Tablet
2660,Desktop
2661,Tablet
2662,Mobile
2663,Mobile
2664,Desktop
2665,Desktop
2666,Desktop
2667,Moblie
2668,Tablet
2669,Mobile
2670,Moblie
2671,Mobile
2672,Tablet
2673,Mobile
2674,Desktop
2675,Mobile
2676,Tablet
2677,Mobile
2678,Mobile
2679,Mobile
2680,Desktop
2681,Mobile
2682,Desktop
2683,Desktop
2684,Mobile
2685,Mobile
2686,Mobile
2687,Tablet
2688,Mobile
2689,Desktop
2690,Mobile
2691,Tablet
2692,Mobile
2693,Tablet
2694,Tablet
2695,Mobile
2696,Desktop
2697,Tablet
2698,Mobile
2699,Mobile
2700,Desktop
2701,Moblie
2702,Tablet
2703,Mobile
2704,Mobile
2705,Desktop
2706,Desktop
2707,Tablet
2708,Tablet
2709,Mobile
2710,Tablet
2711,Desktop
2712,Desktop
2713,Mobile
2714,Desktop
2715,Desktop
2716,Desktop
2717,Desktop
2718,Mobile
2719,Mobile
2720,Tablet
2721,Desktop
2722,Tablet
2723,Mobile
2724,Mobile
2725,Mobile
2726,Mobile
2727,Mobile
2728,Mobile
2729,Mobile
2730,Desktop
2731,Tablet
2732,Mobile
2733,Desktop
2734,Desktop
2735,Tablet
2736,Mobile
2737,Tablet
2738,Mobile
2739,Desktop
2740,Desktop
2741,Desktop
2742,Desktop
2743,Tablet
2744,Mobile
2745,Mobile
2746,Tablet
2747,Mobile
2748,Desktop
2749,Mobile
2750,Desktop
2751,Tablet
2752,Mobile
2753,Tablet
2754,Mobile
2755,Desktop
2756,Tablet
2757,Mobile
2758,Desktop
2759,Tablet
2760,Tablet
2761,Mobile
2762,Mobile
2763,Mobile
2764,Desktop
2765,Mobile
2766,Tablet
2767,Tablet
2768,Mobile
2769,Mobile
2770,Tablet
2771,Desktop
2772,Mobile
2773,Mobile
2774,Tablet
2775,Mobile
2776,Desktop
2777,Tablet
2778,Mobile
2779,Tablet
2780,Mobile
2781,Mobile
2782,Mobile
2783,Desktop
2784,Desktop
2785,Tablet
2786,Mobile
2787,Mobile
2788,Moblie
2789,Mobile
2790,Desktop
2791,Mobile
2792,Tablet
2793,Mobile
2794,Mobile
2795,Desktop
2796,Mobile
2797,Mobile
2798,Desktop
2799,Tablet
2800,Tablet
2801,Desktop
2802,Desktop
2803,Desktop
2804,Desktop
2805,Desktop
2806,Tablet
2807,Tablet
2808,Desktop
2809,Mobile
2810,Desktop
2811,Mobile
2812,Desktop
2813,Desktop
2814,Tablet
2815,Mobile
2816,Mobile
2817,Tablet
2818,Tablet
2819,Tablet
2820,Tablet
2821,Mobile
2822,Mobile
2823,Desktop
2824,Desktop
2825,Tablet
2826,Tablet
2827,Tablet
2828,Desktop
2829,Desktop
2830,Desktop
2831,Desktop
2832,Desktop
2833,Desktop
2834,Desktop
2835,Tablet
2836,Tablet
2837,Tablet
2838,Tablet
2839,Desktop
2840,Mobile
2841,Desktop
2842,Mobile
2843,Tablet
2844,Desktop
2845,Tablet
2846,Desktop
2847,Tablet
2848,Mobile
2849,Mobile
2850,Mobile
2851,Desktop
2852,Mobile
2853,Desktop
2854,Mobile
2855,Mobile
2856,Desktop
2857,Desktop
2858,Mobile
2859,Moblie
2860,Mobile
2861,Desktop
2862,Tablet
2863,Tablet
2864,Tablet
2865,Tablet
2866,Tablet
2867,Mobile
2868,Tablet
2869,Tablet
2870,Tablet
2871,Tablet
2872,Desktop
2873,Mobile
2874,Tablet
2875,Tablet
2876,Tablet
2877,Mobile
2878,Desktop
2879,Mobile
2880,Desktop
2881,Tablet
2882,Moblie
2883,Mobile
2884,Mobile
2885,Desktop
2886,Desktop
2887,Mobile
2888,Desktop
2889,Mobile
2890,Desktop
2891,Mobile
2892,Mobile
2893,Mobile
2894,Desktop
2895,Desktop
2896,Desktop
2897,Mobile
2898,Desktop
2899,Desktop
2900,Mobile
2901,Tablet
2902,Mobile
2903,Desktop
2904,Mobile
2905,Tablet
2906,Mobile
2907,Desktop
2908,Tablet
2909,Desktop
2910,Tablet
2911,Tablet
2912,Mobile
2913,Mobile
2914,Desktop
2915,Mobile
2916,Mobile
2917,Tablet
2918,Mobile
2919,Tablet
2920,Tablet
2921,Tablet
2922,Desktop
2923,Desktop
2924,Desktop
2925,Tablet
2926,Desktop
2927,Desktop
2928,Mobile
2929,Desktop
2930,Desktop
2931,Tablet
2932,Tablet
2933,Tablet
2934,Moblie
2935,Tablet
2936,Tablet
2937,Desktop
2938,Tablet
2939,Tablet
2940,Mobile
2941,Desktop
2942,Desktop
2943,Desktop
2944,Tablet
2945,Tablet
2946,Tablet
2947,Mobile
2948,Tablet
2949,Mobile
2950,Desktop
2951,Tablet
2952,Mobile
2953,Mobile
2954,Moblie
2955,Desktop
2956,Desktop
2957,Desktop
2958,Mobile
2959,Mobile
2960,Mobile
2961,Mobile
2962,Desktop
2963,Tablet
2964,Mobile
2965,Mobile
2966,Desktop
2967,Tablet
2968,Tablet
2969,Desktop
2970,Desktop
2971,Tablet
2972,Mobile
2973,Tablet
2974,Desktop
2975,Mobile
2976,Mobile
2977,Desktop
2978,Desktop
2979,Desktop
2980,Tablet
2981,Tablet
2982,Mobile
2983,Desktop
2984,Mobile
2985,Mobile
2986,Mobile
2987,Mobile
2988,Desktop
2989,Mobile
2990,Desktop
2991,Desktop
2992,Tablet
2993,Desktop
2994,Tablet
2995,Desktop
2996,Desktop
2997,Desktop
2998,Tablet
2999,Tablet
3000,Mobile
3001,Tablet
3002,Tablet
3003,Moblie
3004,Tablet
3005,Mobile
3006,Tablet
3007,Desktop
3008,Desktop
3009,Tablet
3010,Tablet
3011,Desktop
3012,Desktop
3013,Mobile
3014,Desktop
3015,Desktop
3016,Tablet
3017,Desktop
3018,Mobile
3019,Desktop
3020,Tablet
3021,Tablet
3022,Desktop
3023,Tablet
3024,Mobile
3025,Mobile
3026,Desktop
3027,Desktop
3028,Desktop
3029,Tablet
3030,Mobile
3031,Mobile
3032,Tablet
3033,Mobile
3034,Desktop
3035,Desktop
3036,Desktop
3037,Mobile
3038,Desktop
3039,Tablet
3040,Tablet
3041,Mobile
3042,Tablet
3043,Tablet
3044,Mobile
3045,Desktop
3046,Desktop
3047,Desktop
3048,Mobile
3049,Tablet
3050,Desktop
3051,Desktop
3052,Mobile
3053,Desktop
3054,Mobile
3055,Tablet
3056,Mobile
3057,Mobile
3058,Mobile
3059,Mobile
3060,Tablet
3061,Tablet
3062,Desktop
3063,Tablet
3064,Tablet
3065,Desktop
3066,Tablet
3067,Mobile
3068,Mobile
3069,Desktop
3070,Desktop
3071,Desktop
3072,Mobile
3073,Tablet
3074,Mobile
3075,Desktop
3076,Tablet
3077,Tablet
3078,Mobile
3079,Desktop
3080,Mobile
3081,Tablet
3082,Mobile
3083,Mobile
3084,Moblie
3085,Desktop
3086,Tablet
3087,Mobile
3088,Mobile
3089,Mobile
3090,Tablet
3091,Tablet
3092,Desktop
3093,Desktop
3094,Moblie
3095,Mobile
3096,Mobile
3097,Desktop
3098,Mobile
3099,Desktop
3100,Tablet
3101,Desktop
3102,Tablet
3103,Mobile
3104,Desktop
3105,Mobile
3106,Tablet
3107,Tablet
3108,Tablet
3109,Mobile
3110,Mobile
3111,Mobile
3112,Mobile
3113,Tablet
3114,Tablet
3115,Desktop
3116,Desktop
3117,Mobile
3118,Tablet
3119,Tablet
3120,Tablet
3121,Desktop
3122,Desktop
3123,Tablet
3124,Tablet
3125,Tablet
3126,Desktop
3127,Tablet
3128,Tablet
3129,Mobile
3130,Mobile
3131,Desktop
3132,Tablet
3133,Tablet
3134,Mobile
3135,Desktop
3136,Mobile
3137,Mobile
3138,Mobile
3139,Moblie
3140,Tablet
3141,Tablet
3142,Mobile
3143,Desktop
3144,Desktop
3145,Desktop
3146,Desktop
3147,Mobile
3148,Tablet
3149,Desktop
3150,Mobile
3151,Desktop
3152,Desktop
3153,Mobile
3154,Tablet
3155,Tablet
3156,Mobile
3157,Tablet
3158,Mobile
3159,Mobile
3160,Mobile
3161,Tablet
3162,Mobile
3163,Desktop
3164,Tablet
3165,Tablet
3166,Tablet
3167,Tablet
3168,Desktop
3169,Tablet
3170,Tablet
3171,Mobile
3172,Tablet
3173,Desktop
3174,Desktop
3175,Desktop
3176,Desktop
3177,Tablet
3178,Tablet
3179,Desktop
3180,Desktop
3181,Tablet
3182,Desktop
3183,Mobile
3184,Desktop
3185,Desktop
3186,Moblie
3187,Mobile
3188,Tablet
3189,Tablet
3190,Mobile
3191,Mobile
3192,Tablet
3193,Desktop
3194,Mobile
3195,Tablet
3196,Desktop
3197,Mobile
3198,Desktop
3199,Tablet
3200,Mobile
3201,Moblie
3202,Mobile
3203,Desktop
3204,Tablet
3205,Tablet
3206,Mobile
3207,Desktop
3208,Mobile
3209,Mobile
3210,Desktop
3211,Desktop
3212,Desktop
3213,Tablet
3214,Mobile
3215,Mobile
3216,Tablet
3217,Desktop
3218,Tablet
3219,Tablet
3220,Tablet
3221,Mobile
3222,Tablet
3223,Mobile
3224,Mobile
3225,Mobile
3226,Desktop
3227,Mobile
3228,Mobile
3229,Desktop
3230,Mobile
3231,Tablet
3232,Tablet
3233,Mobile
3234,Desktop
3235,Tablet
3236,Desktop
3237,Desktop
3238,Tablet
3239,Desktop
3240,Tablet
3241,Desktop
3242,Tablet
3243,Mobile
3244,Tablet
3245,Tablet
3246,Tablet
3247,Tablet
3248,Desktop
3249,Mobile
3250,Tablet
3251,Desktop
3252,Mobile
3253,Mobile
3254,Mobile
3255,Mobile
3256,Tablet
3257,Tablet
3258,Desktop
3259,Desktop
3260,Desktop
3261,Mobile
3262,Mobile
3263,Tablet
3264,Mobile
3265,Mobile
3266,Mobile
3267,Desktop
3268,Desktop
3269,Tablet
3270,Mobile
3271,Mobile
3272,Tablet
3273,Mobile
3274,Mobile
3275,Desktop
3276,Tablet
3277,Tablet
3278,Tablet
3279,Tablet
3280,Desktop
3281,Desktop
3282,Mobile
3283,Mobile
3284,Mobile
3285,Mobile
3286,Desktop
3287,Tablet
3288,Desktop
3289,Mobile
3290,Desktop
3291,Tablet
3292,Tablet
3293,Desktop
3294,Desktop
3295,Desktop
3296,Mobile
3297,Desktop
3298,Desktop
3299,Desktop
3300,Tablet
3301,Tablet
3302,Mobile
3303,Mobile
3304,Tablet
3305,Tablet
3306,Tablet
3307,Desktop
3308,Desktop
3309,Tablet
3310,Desktop
3311,Desktop
3312,Mobile
3313,Tablet
3314,Tablet
3315,Desktop
3316,Tablet
3317,Mobile
3318,Mobile
3319,Mobile
3320,Tablet
3321,Tablet
3322,Tablet
3323,Tablet
3324,Tablet
3325,Mobile
3326,Desktop
3327,Mobile
3328,Tablet
3329,Mobile
3330,Tablet
3331,Tablet
3332,Mobile
3333,Tablet
3334,Desktop
3335,Tablet
3336,Desktop
3337,Desktop
3338,Tablet
3339,Mobile
3340,Desktop
3341,Mobile
3342,Desktop
3343,Tablet
3344,Tablet
3345,Desktop
3346,Tablet
3347,Desktop
3348,Tablet
3349,Mobile
3350,Tablet
3351,Mobile
3352,Tablet
3353,Mobile
3354,Tablet
3355,Mobile
3356,Desktop
3357,Desktop
3358,Mobile
3359,Tablet
3360,Mobile
3361,Tablet
3362,Desktop
3363,Tablet
3364,Desktop
3365,Tablet
3366,Tablet
3367,Tablet
3368,Mobile
3369,Mobile
3370,Desktop
3371,Desktop
3372,Mobile
3373,Desktop
3374,Mobile
3375,Tablet
3376,Desktop
3377,Desktop
3378,Mobile
3379,Moblie
3380,Desktop
3381,Tablet
3382,Desktop
3383,Tablet
3384,Mobile
3385,Desktop
3386,Tablet
3387,Mobile
3388,Desktop
3389,Mobile
3390,Desktop
3391,Mobile
3392,Mobile
3393,Tablet
3394,Moblie
3395,Desktop
3396,Desktop
3397,Tablet
3398,Desktop
3399,Desktop
3400,Desktop
3401,Mobile
3402,Mobile
3403,Desktop
3404,Tablet
3405,Mobile
3406,Tablet
3407,Desktop
3408,Desktop
3409,Moblie
3410,Desktop
3411,Mobile
3412,Desktop
3413,Desktop
3414,Mobile
3415,Mobile
3416,Mobile
3417,Desktop
3418,Desktop
3419,Tablet
3420,Mobile
3421,Desktop
3422,Desktop
3423,Mobile
3424,Tablet
3425,Mobile
3426,Tablet
3427,Desktop
3428,Tablet
3429,Desktop
3430,Mobile
3431,Mobile
3432,Mobile
3433,Tablet
3434,Desktop
3435,Mobile
3436,Mobile
3437,Desktop
3438,Mobile
3439,Desktop
3440,Desktop
3441,Desktop
3442,Desktop
3443,Desktop
3444,Tablet
3445,Mobile
3446,Tablet
3447,Mobile
3448,Tablet
3449,Desktop
3450,Mobile
3451,Mobile
3452,Tablet
3453,Tablet
3454,Mobile
3455,Tablet
3456,Moblie
3457,Tablet
3458,Desktop
3459,Desktop
3460,Tablet
3461,Tablet
3462,Desktop
3463,Desktop
3464,Mobile
3465,Mobile
3466,Desktop
3467,Tablet
3468,Tablet
3469,Tablet
3470,Tablet
3471,Moblie
3472,Desktop
3473,Tablet
3474,Mobile
3475,Tablet
3476,Desktop
3477,Mobile
3478,Desktop
3479,Desktop
3480,Mobile
3481,Mobile
3482,Moblie
3483,Mobile
3484,Mobile
3485,Mobile
3486,Mobile
3487,Tablet
3488,Desktop
3489,Mobile
3490,Tablet
3491,Tablet
3492,Tablet
3493,Desktop
3494,Mobile
3495,Moblie
3496,Desktop
3497,Desktop
3498,Desktop
3499,Tablet
3500,Mobile
3501,Tablet
3502,Tablet
3503,Mobile
3504,Mobile
3505,Mobile
3506,Desktop
3507,Mobile
3508,Tablet
3509,Mobile
3510,Tablet
3511,Desktop
3512,Tablet
3513,Tablet
3514,Mobile
3515,Mobile
3516,Tablet
3517,Moblie
3518,Desktop
3519,Desktop
3520,Mobile
3521,Desktop
3522,Mobile
3523,Tablet
3524,Tablet
3525,Desktop
3526,Mobile
3527,Mobile
3528,Desktop
3529,Tablet
3530,Desktop
3531,Tablet
3532,Mobile
3533,Tablet
3534,Desktop
3535,Mobile
3536,Desktop
3537,Desktop
3538,Tablet
3539,Desktop
3540,Tablet
3541,Mobile
3542,Tablet
3543,Mobile
3544,Tablet
3545,Desktop
3546,Tablet
3547,Tablet
3548,Mobile
3549,Desktop
3550,Tablet
3551,Moblie
3552,Tablet
3553,Tablet
3554,Desktop
3555,Moblie
3556,Desktop
3557,Moblie
3558,Mobile
3559,Desktop
3560,Tablet
3561,Tablet
3562,Mobile
3563,Desktop
3564,Tablet
3565,Mobile
3566,Tablet
3567,Desktop
3568,Tablet
3569,Tablet
3570,Tablet
3571,Tablet
3572,Mobile
3573,Mobile
3574,Desktop
3575,Mobile
3576,Mobile
3577,Desktop
3578,Mobile
3579,Mobile
3580,Desktop
3581,Desktop
3582,Desktop
3583,Tablet
3584,Tablet
3585,Desktop
3586,Desktop
3587,Desktop
3588,Tablet
3589,Tablet
3590,Mobile
3591,Mobile
3592,Desktop
3593,Tablet
3594,Tablet
3595,Tablet
3596,Desktop
3597,Mobile
3598,Desktop
3599,Mobile
3600,Mobile
3601,Desktop
3602,Mobile
3603,Mobile
3604,Tablet
3605,Mobile
3606,Desktop
3607,Desktop
3608,Mobile
3609,Tablet
3610,Tablet
3611,Mobile
3612,Mobile
3613,Desktop
3614,Mobile
3615,Tablet
3616,Mobile
3617,Desktop
3618,Desktop
3619,Desktop
3620,Desktop
3621,Desktop
3622,Mobile
3623,Mobile
3624,Mobile
3625,Mobile
3626,Desktop
3627,Tablet
3628,Mobile
3629,Tablet
3630,Mobile
3631,Mobile
3632,Tablet
3633,Desktop
3634,Mobile
3635,Mobile
3636,Mobile
3637,Tablet
3638,Desktop
3639,Tablet
3640,Tablet
3641,Desktop
3642,Tablet
3643,Desktop
3644,Mobile
3645,Desktop
3646,Mobile
3647,Tablet
3648,Tablet
3649,Mobile
3650,Tablet
3651,Desktop
3652,Mobile
3653,Tablet
3654,Mobile
3655,Desktop
3656,Desktop
3657,Tablet
3658,Desktop
3659,Mobile
3660,Desktop
3661,Mobile
3662,Mobile
3663,Desktop
3664,Tablet
3665,Desktop
3666,Mobile
3667,Mobile
3668,Desktop
3669,Tablet
3670,Tablet
3671,Mobile
3672,Mobile
3673,Tablet
3674,Desktop
3675,Mobile
3676,Mobile
3677,Tablet
3678,Desktop
3679,Tablet
3680,Desktop
3681,Desktop
3682,Desktop
3683,Mobile
3684,Tablet
3685,Tablet
3686,Desktop
3687,Mobile
3688,Mobile
3689,Tablet
3690,Mobile
3691,Mobile
3692,Desktop
3693,Mobile
3694,Desktop
3695,Tablet
3696,Mobile
3697,Tablet
3698,Tablet
3699,Mobile
3700,Mobile
3701,Tablet
3702,Mobile
3703,Desktop
3704,Desktop
3705,Mobile
3706,Tablet
3707,Mobile
3708,Mobile
3709,Tablet
3710,Tablet
3711,Desktop
3712,Tablet
3713,Desktop
3714,Tablet
3715,Mobile
3716,Desktop
3717,Desktop
3718,Desktop
3719,Mobile
3720,Mobile
3721,Mobile
3722,Mobile
3723,Mobile
3724,Desktop
3725,Mobile
3726,Desktop
3727,Mobile
3728,Tablet
3729,Desktop
3730,Tablet
3731,Desktop
3732,Moblie
3733,Mobile
3734,Mobile
3735,Mobile
3736,Desktop
3737,Tablet
3738,Mobile
3739,Tablet
3740,Tablet
3741,Mobile
3742,Mobile
3743,Tablet
3744,Mobile
3745,Mobile
3746,Mobile
3747,Desktop
3748,Tablet
3749,Tablet
3750,Desktop
3751,Tablet
3752,Mobile
3753,Tablet
3754,Mobile
3755,Desktop
3756,Mobile
3757,Tablet
3758,Tablet
3759,Tablet
3760,Desktop
3761,Desktop
3762,Tablet
3763,Mobile
3764,Desktop
3765,Tablet
3766,Tablet
3767,Desktop
3768,Desktop
3769,Desktop
3770,Mobile
3771,Mobile
3772,Tablet
3773,Desktop
3774,Mobile
3775,Desktop
3776,Tablet
3777,Mobile
3778,Mobile
3779,Mobile
3780,Tablet
3781,Desktop
3782,Mobile
3783,Tablet
3784,Desktop
3785,Tablet
3786,Desktop
3787,Tablet
3788,Desktop
3789,Mobile
3790,Desktop
3791,Tablet
3792,Tablet
3793,Desktop
3794,Mobile
3795,Mobile
3796,Desktop
3797,Desktop
3798,Tablet
3799,Mobile
3800,Desktop
3801,Mobile
3802,Desktop
3803,Desktop
3804,Mobile
3805,Desktop
3806,Desktop
3807,Tablet
3808,Desktop
3809,Desktop
3810,Desktop
3811,Tablet
3812,Mobile
3813,Tablet
3814,Tablet
3815,Mobile
3816,Tablet
3817,Mobile
3818,Tablet
3819,Mobile
3820,Desktop
3821,Tablet
3822,Tablet
3823,Tablet
3824,Tablet
3825,Desktop
3826,Tablet
3827,Desktop
3828,Desktop
3829,Desktop
3830,Desktop
3831,Mobile
3832,Mobile
3833,Tablet
3834,Mobile
3835,Mobile
3836,Tablet
3837,Tablet
3838,Tablet
3839,Mobile
3840,Mobile
3841,Tablet
3842,Desktop
3843,Tablet
3844,Desktop
3845,Desktop
3846,Tablet
3847,Tablet
3848,Tablet
3849,Mobile
3850,Desktop
3851,Mobile
3852,Mobile
3853,Tablet
3854,Mobile
3855,Tablet
3856,Desktop
3857,Tablet
3858,Moblie
3859,Mobile
3860,Tablet
3861,Tablet
3862,Mobile
3863,Desktop
3864,Desktop
3865,Tablet
3866,Desktop
3867,Mobile
3868,Tablet
3869,Mobile
3870,Mobile
3871,Desktop
3872,Tablet
3873,Tablet
3874,Desktop
3875,Mobile
3876,Mobile
3877,Mobile
3878,Mobile
3879,Tablet
3880,Tablet
3881,Desktop
3882,Moblie
3883,Tablet
3884,Tablet
3885,Mobile
3886,Mobile
3887,Desktop
3888,Tablet
3889,Desktop
3890,Tablet
3891,Mobile
3892,Desktop
3893,Desktop
3894,Moblie
3895,Mobile
3896,Desktop
3897,Mobile
3898,Desktop
3899,Mobile
3900,Tablet
3901,Desktop
3902,Desktop
3903,Mobile
3904,Mobile
3905,Desktop
3906,Tablet
3907,Mobile
3908,Mobile
3909,Mobile
3910,Desktop
3911,Desktop
3912,Desktop
3913,Desktop
3914,Tablet
3915,Tablet
3916,Desktop
3917,Tablet
3918,Mobile
3919,Mobile
3920,Mobile
3921,Desktop
3922,Mobile
3923,Tablet
3924,Desktop
3925,Tablet
3926,Mobile
3927,Mobile
3928,Mobile
3929,Desktop
3930,Tablet
3931,Desktop
3932,Desktop
3933,Mobile
3934,Desktop
3935,Desktop
3936,Mobile
3937,Desktop
3938,Mobile
3939,Mobile
3940,Mobile
3941,Mobile
3942,Desktop
3943,Mobile
3944,Mobile
3945,Desktop
3946,Desktop
3947,Tablet
3948,Desktop
3949,Desktop
3950,Tablet
3951,Desktop
3952,Desktop
3953,Desktop
3954,Desktop
3955,Tablet
3956,Desktop
3957,Desktop
3958,Tablet
3959,Mobile
3960,Tablet
3961,Mobile
3962,Tablet
3963,Tablet
3964,Desktop
3965,Mobile
3966,Desktop
3967,Mobile
3968,Tablet
3969,Tablet
3970,Mobile
3971,Desktop
3972,Desktop
3973,Desktop
3974,Desktop
3975,Tablet
3976,Tablet
3977,Tablet
3978,Tablet
3979,Tablet
3980,Desktop
3981,Desktop
3982,Desktop
3983,Desktop
3984,Tablet
3985,Tablet
3986,Tablet
3987,Mobile
3988,Desktop
3989,Desktop
3990,Tablet
3991,Desktop
3992,Desktop
3993,Tablet
3994,Mobile
3995,Mobile
3996,Mobile
3997,Tablet
3998,Desktop
3999,Tablet
4000,Tablet
4001,Desktop
4002,Mobile
4003,Mobile
4004,Tablet
4005,Mobile
4006,Tablet
4007,Tablet
4008,Desktop
4009,Desktop
4010,Desktop
4011,Tablet
4012,Desktop
4013,Mobile
4014,Mobile
4015,Tablet
4016,Tablet
4017,Desktop
4018,Tablet
4019,Tablet
4020,Mobile
4021,Mobile
4022,Desktop
4023,Tablet
4024,Tablet
4025,Mobile
4026,Tablet
4027,Mobile
4028,Desktop
4029,Mobile
4030,Tablet
4031,Desktop
4032,Mobile
4033,Mobile
4034,Desktop
4035,Desktop
4036,Mobile
4037,Tablet
4038,Mobile
4039,Desktop
4040,Mobile
4041,Desktop
4042,Desktop
4043,Tablet
4044,Desktop
4045,Desktop
4046,Tablet
4047,Desktop
4048,Tablet
4049,Tablet
4050,Desktop
4051,Desktop
4052,Mobile
4053,Tablet
4054,Mobile
4055,Desktop
4056,Mobile
4057,Tablet
4058,Mobile
4059,Tablet
4060,Desktop
4061,Desktop
4062,Tablet
4063,Desktop
4064,Desktop
4065,Desktop
4066,Desktop
4067,Tablet
4068,Mobile
4069,Mobile
4070,Desktop
4071,Mobile
4072,Mobile
4073,Desktop
4074,Desktop
4075,Mobile
4076,Tablet
4077,Desktop
4078,Tablet
4079,Mobile
4080,Desktop
4081,Tablet
4082,Desktop
4083,Mobile
4084,Tablet
4085,Mobile
4086,Mobile
4087,Desktop
4088,Tablet
4089,Mobile
4090,Mobile
4091,Tablet
4092,Mobile
4093,Mobile
4094,Tablet
4095,Tablet
4096,Tablet
4097,Tablet
4098,Desktop
4099,Tablet
4100,Desktop
4101,Desktop
4102,Desktop
4103,Mobile
4104,Desktop
4105,Desktop
4106,Mobile
4107,Mobile
4108,Mobile
4109,Tablet
4110,Mobile
4111,Mobile
4112,Desktop
4113,Mobile
4114,Tablet
4115,Mobile
4116,Tablet
4117,Mobile
4118,Mobile
4119,Mobile
4120,Mobile
4121,Tablet
4122,Tablet
4123,Desktop
4124,Tablet
4125,Mobile
4126,Desktop
4127,Desktop
4128,Desktop
4129,Mobile
4130,Tablet
4131,Mobile
4132,Desktop
4133,Mobile
4134,Mobile
4135,Tablet
4136,Tablet
4137,Desktop
4138,Mobile
4139,Mobile
4140,Tablet
4141,Mobile
4142,Mobile
4143,Mobile
4144,Tablet
4145,Desktop
4146,Desktop
4147,Mobile
4148,Desktop
4149,Tablet
4150,Tablet
4151,Desktop
4152,Desktop
4153,Mobile
4154,Desktop
4155,Mobile
4156,Mobile
4157,Tablet
4158,Tablet
4159,Tablet
4160,Tablet
4161,Desktop
4162,Tablet
4163,Desktop
4164,Tablet
4165,Desktop
4166,Mobile
4167,Desktop
4168,Desktop
4169,Tablet
4170,Desktop
4171,Mobile
4172,Mobile
4173,Tablet
4174,Mobile
4175,Desktop
4176,Mobile
4177,Tablet
4178,Desktop
4179,Tablet
4180,Desktop
4181,Mobile
4182,Tablet
4183,Tablet
4184,Desktop
4185,Tablet
4186,Desktop
4187,Desktop
4188,Moblie
4189,Desktop
4190,Mobile
4191,Desktop
4192,Tablet
4193,Mobile
4194,Tablet
4195,Mobile
4196,Desktop
4197,Moblie
4198,Mobile
4199,Tablet
4200,Tablet
4201,Desktop
4202,Mobile
4203,Mobile
4204,Mobile
4205,Desktop
4206,Desktop
4207,Desktop
4208,Desktop
4209,Desktop
4210,Tablet
4211,Mobile
4212,Mobile
4213,Mobile
4214,Mobile
4215,Mobile
4216,Mobile
4217,Mobile
4218,Mobile
4219,Tablet
4220,Mobile
4221,Tablet
4222,Desktop
4223,Mobile
4224,Desktop
4225,Desktop
4226,Desktop
4227,Tablet
4228,Desktop
4229,Desktop
4230,Desktop
4231,Mobile
4232,Mobile
4233,Tablet
4234,Tablet
4235,Mobile
4236,Tablet
4237,Mobile
4238,Desktop
4239,Desktop
4240,Tablet
4241,Mobile
4242,Mobile
4243,Tablet
4244,Mobile
4245,Desktop
4246,Tablet
4247,Tablet
4248,Mobile
4249,Tablet
4250,Mobile
4251,Mobile
4252,Mobile
4253,Mobile
4254,Mobile
4255,Tablet
4256,Desktop
4257,Desktop
4258,Tablet
4259,Tablet
4260,Desktop
4261,Desktop
4262,Moblie
4263,Desktop
4264,Desktop
4265,Mobile
4266,Tablet
4267,Mobile
4268,Desktop
4269,Desktop
4270,Desktop
4271,Mobile
4272,Mobile
4273,Desktop
4274,Mobile
4275,Mobile
4276,Desktop
4277,Mobile
4278,Tablet
4279,Tablet
4280,Tablet
4281,Tablet
4282,Desktop
4283,Desktop
4284,Desktop
4285,Tablet
4286,Tablet
4287,Mobile
4288,Mobile
4289,Tablet
4290,Tablet
4291,Tablet
4292,Tablet
4293,Mobile
4294,Tablet
4295,Mobile
4296,Tablet
4297,Tablet
4298,Tablet
4299,Mobile
4300,Mobile
4301,Desktop
4302,Tablet
4303,Desktop
4304,Desktop
4305,Mobile
4306,Mobile
4307,Desktop
4308,Tablet
4309,Mobile
4310,Tablet
4311,Tablet
4312,Desktop
4313,Desktop
4314,Desktop
4315,Desktop
4316,Mobile
4317,Mobile
4318,Desktop
4319,Mobile
4320,Desktop
4321,Tablet
4322,Tablet
4323,Tablet
4324,Desktop
4325,Tablet
4326,Mobile
4327,Tablet
4328,Tablet
4329,Tablet
4330,Mobile
4331,Desktop
4332,Mobile
4333,Desktop
4334,Desktop
4335,Tablet
4336,Desktop
4337,Mobile
4338,Mobile
4339,Desktop
4340,Tablet
4341,Tablet
4342,Mobile
4343,Tablet
4344,Desktop
4345,Desktop
4346,Mobile
4347,Desktop
4348,Mobile
4349,Desktop
4350,Mobile
4351,Tablet
4352,Desktop
4353,Desktop
4354,Mobile
4355,Mobile
4356,Desktop
4357,Mobile
4358,Desktop
4359,Tablet
4360,Mobile
4361,Desktop
4362,Tablet
4363,Tablet
4364,Desktop
4365,Moblie
4366,Desktop
4367,Tablet
4368,Desktop
4369,Mobile
4370,Tablet
4371,Desktop
4372,Mobile
4373,Tablet
4374,Mobile
4375,Tablet
4376,Desktop
4377,Mobile
4378,Tablet
4379,Mobile
4380,Mobile
4381,Desktop
4382,Mobile
4383,Tablet
4384,Tablet
4385,Tablet
4386,Tablet
4387,Desktop
4388,Mobile
4389,Desktop
4390,Mobile
4391,Mobile
4392,Mobile
4393,Desktop
4394,Mobile
4395,Desktop
4396,Tablet
4397,Tablet
4398,Mobile
4399,Desktop
4400,Tablet
4401,Desktop
4402,Desktop
4403,Mobile
4404,Tablet
4405,Mobile
4406,Mobile
4407,Tablet
4408,Tablet
4409,Desktop
4410,Tablet
4411,Desktop
4412,Desktop
4413,Desktop
4414,Tablet
4415,Mobile
4416,Desktop
4417,Mobile
4418,Mobile
4419,Tablet
4420,Mobile
4421,Mobile
4422,Tablet
4423,Desktop
4424,Mobile
4425,Tablet
4426,Mobile
4427,Mobile
4428,Desktop
4429,Mobile
4430,Tablet
4431,Mobile
4432,Desktop
4433,Desktop
4434,Tablet
4435,Desktop
4436,Mobile
4437,Desktop
4438,Tablet
4439,Desktop
4440,Desktop
4441,Desktop
4442,Tablet
4443,Desktop
4444,Desktop
4445,Mobile
4446,Tablet
4447,Desktop
4448,Tablet
4449,Desktop
4450,Desktop
4451,Desktop
4452,Mobile
4453,Mobile
4454,Mobile
4455,Tablet
4456,Tablet
4457,Mobile
4458,Tablet
4459,Desktop
4460,Desktop
4461,Desktop
4462,Mobile
4463,Tablet
4464,Mobile
4465,Tablet
4466,Desktop
4467,Mobile
4468,Tablet
4469,Tablet
4470,Desktop
4471,Mobile
4472,Mobile
4473,Moblie
4474,Desktop
4475,Mobile
4476,Desktop
4477,Desktop
4478,Desktop
4479,Tablet
4480,Mobile
4481,Mobile
4482,Desktop
4483,Desktop
4484,Mobile
4485,Desktop
4486,Mobile
4487,Tablet
4488,Desktop
4489,Mobile
4490,Desktop
4491,Mobile
4492,Mobile
4493,Desktop
4494,Tablet
4495,Mobile
4496,Moblie
4497,Mobile
4498,Tablet
4499,Tablet
4500,Desktop
4501,Tablet
4502,Desktop
4503,Desktop
4504,Tablet
4505,Desktop
4506,Tablet
4507,Desktop
4508,Tablet
4509,Tablet
4510,Desktop
4511,Mobile
4512,Desktop
4513,Tablet
4514,Mobile
4515,Desktop
4516,Desktop
4517,Desktop
4518,Mobile
4519,Tablet
4520,Desktop
4521,Desktop
4522,Desktop
4523,Desktop
4524,Desktop
4525,Tablet
4526,Tablet
4527,Desktop
4528,Mobile
4529,Tablet
4530,Mobile
4531,Tablet
4532,Desktop
4533,Tablet
4534,Moblie
4535,Tablet
4536,Desktop
4537,Desktop
4538,Desktop
4539,Desktop
4540,Mobile
4541,Desktop
4542,Mobile
4543,Mobile
4544,Desktop
4545,Mobile
4546,Tablet
4547,Desktop
4548,Mobile
4549,Desktop
4550,Desktop
4551,Desktop
4552,Mobile
4553,Tablet
4554,Tablet
4555,Mobile
4556,Desktop
4557,Mobile
4558,Mobile
4559,Mobile
4560,Desktop
4561,Mobile
4562,Desktop
4563,Mobile
4564,Tablet
4565,Mobile
4566,Mobile
4567,Tablet
4568,Desktop
4569,Desktop
4570,Mobile
4571,Tablet
4572,Desktop
4573,Mobile
4574,Tablet
4575,Moblie
4576,Desktop
4577,Tablet
4578,Tablet
4579,Tablet
4580,Tablet
4581,Mobile
4582,Tablet
4583,Desktop
4584,Desktop
4585,Mobile
4586,Desktop
4587,Desktop
4588,Tablet
4589,Desktop
4590,Mobile
4591,Tablet
4592,Tablet
4593,Mobile
4594,Tablet
4595,Tablet
4596,Mobile
4597,Tablet
4598,Mobile
4599,Mobile
4600,Desktop
4601,Moblie
4602,Tablet
4603,Tablet
4604,Moblie
4605,Tablet
4606,Mobile
4607,Mobile
4608,Tablet
4609,Mobile
4610,Desktop
4611,Tablet
4612,Desktop
4613,Tablet
4614,Mobile
4615,Tablet
4616,Desktop
4617,Mobile
4618,Tablet
4619,Tablet
4620,Tablet
4621,Desktop
4622,Desktop
4623,Tablet
4624,Mobile
4625,Mobile
4626,Desktop
4627,Mobile
4628,Desktop
4629,Tablet
4630,Desktop
4631,Desktop
4632,Tablet
4633,Mobile
4634,Desktop
4635,Desktop
4636,Tablet
4637,Mobile
4638,Desktop
4639,Tablet
4640,Desktop
4641,Tablet
4642,Mobile
4643,Mobile
4644,Mobile
4645,Mobile
4646,Desktop
4647,Desktop
4648,Mobile
4649,Mobile
4650,Mobile
4651,Desktop
4652,Mobile
4653,Mobile
4654,Mobile
4655,Moblie
4656,Mobile
4657,Tablet
4658,Tablet
4659,Mobile
4660,Tablet
4661,Mobile
4662,Desktop
4663,Desktop
4664,Desktop
4665,Desktop
4666,Tablet
4667,Mobile
4668,Mobile
4669,Mobile
4670,Desktop
4671,Desktop
4672,Mobile
4673,Desktop
4674,Mobile
4675,Mobile
4676,Mobile
4677,Mobile
4678,Mobile
4679,Mobile
4680,Mobile
4681,Desktop
4682,Mobile
4683,Mobile
4684,Desktop
4685,Desktop
4686,Desktop
4687,Mobile
4688,Tablet
4689,Tablet
4690,Desktop
4691,Tablet
4692,Desktop
4693,Mobile
4694,Tablet
4695,Mobile
4696,Tablet
4697,Mobile
4698,Tablet
4699,Mobile
4700,Mobile
4701,Tablet
4702,Mobile
4703,Mobile
4704,Mobile
4705,Tablet
4706,Tablet
4707,Mobile
4708,Mobile
4709,Moblie
4710,Tablet
4711,Mobile
4712,Mobile
4713,Mobile
4714,Desktop
4715,Tablet
4716,Desktop
4717,Tablet
4718,Tablet
4719,Tablet
4720,Tablet
4721,Tablet
4722,Tablet
4723,Tablet
4724,Desktop
4725,Mobile
4726,Mobile
4727,Desktop
4728,Desktop
4729,Desktop
4730,Desktop
4731,Tablet
4732,Mobile
4733,Tablet
4734,Mobile
4735,Mobile
4736,Desktop
4737,Tablet
4738,Desktop
4739,Tablet
4740,Mobile
4741,Desktop
4742,Desktop
4743,Mobile
4744,Mobile
4745,Mobile
4746,Moblie
4747,Tablet
4748,Desktop
4749,Tablet
4750,Desktop
4751,Desktop
4752,Mobile
4753,Tablet
4754,Desktop
4755,Desktop
4756,Mobile
4757,Mobile
4758,Tablet
4759,Desktop
4760,Tablet
4761,Desktop
4762,Tablet
4763,Mobile
4764,Desktop
4765,Tablet
4766,Mobile
4767,Mobile
4768,Tablet
4769,Desktop
4770,Desktop
4771,Mobile
4772,Desktop
4773,Desktop
4774,Desktop
4775,Mobile
4776,Tablet
4777,Desktop
4778,Mobile
4779,Mobile
4780,Tablet
4781,Desktop
4782,Desktop
4783,Tablet
4784,Tablet
4785,Mobile
4786,Mobile
4787,Tablet
4788,Desktop
4789,Mobile
4790,Mobile
4791,Desktop
4792,Mobile
4793,Desktop
4794,Desktop
4795,Desktop
4796,Tablet
4797,Tablet
4798,Tablet
4799,Desktop
4800,Moblie
4801,Tablet
4802,Mobile
4803,Desktop
4804,Mobile
4805,Mobile
4806,Desktop
4807,Desktop
4808,Mobile
4809,Mobile
4810,Tablet
4811,Tablet
4812,Desktop
4813,Tablet
4814,Tablet
4815,Tablet
4816,Tablet
4817,Mobile
4818,Desktop
4819,Tablet
4820,Mobile
4821,Mobile
4822,Mobile
4823,Tablet
4824,Tablet
4825,Desktop
4826,Tablet
4827,Tablet
4828,Mobile
4829,Desktop
4830,Tablet
4831,Tablet
4832,Mobile
4833,Mobile
4834,Tablet
4835,Desktop
4836,Desktop
4837,Mobile
4838,Mobile
4839,Tablet
4840,Mobile
4841,Tablet
4842,Desktop
4843,Desktop
4844,Tablet
4845,Mobile
4846,Desktop
4847,Mobile
4848,Desktop
4849,Tablet
4850,Tablet
4851,Tablet
4852,Desktop
4853,Mobile
4854,Mobile
4855,Mobile
4856,Desktop
4857,Desktop
4858,Desktop
4859,Desktop
4860,Moblie
4861,Mobile
4862,Desktop
4863,Desktop
4864,Mobile
4865,Desktop
4866,Mobile
4867,Mobile
4868,Tablet
4869,Tablet
4870,Tablet
4871,Tablet
4872,Desktop
4873,Tablet
4874,Mobile
4875,Moblie
4876,Tablet
4877,Mobile
4878,Desktop
4879,Desktop
4880,Tablet
4881,Desktop
4882,Mobile
4883,Desktop
4884,Mobile
4885,Desktop
4886,Moblie
4887,Mobile
4888,Desktop
4889,Desktop
4890,Desktop
4891,Mobile
4892,Mobile
4893,Mobile
4894,Tablet
4895,Tablet
4896,Mobile
4897,Desktop
4898,Tablet
4899,Mobile
4900,Desktop
4901,Tablet
4902,Desktop
4903,Desktop
4904,Desktop
4905,Desktop
4906,Tablet
4907,Tablet
4908,Tablet
4909,Mobile
4910,Tablet
4911,Desktop
4912,Tablet
4913,Desktop
4914,Mobile
4915,Desktop
4916,Desktop
4917,Desktop
4918,Mobile
4919,Tablet
4920,Tablet
4921,Mobile
4922,Desktop
4923,Tablet
4924,Mobile
4925,Tablet
4926,Mobile
4927,Desktop
4928,Tablet
4929,Mobile
4930,Tablet
4931,Tablet
4932,Tablet
4933,Tablet
4934,Mobile
4935,Desktop
4936,Mobile
4937,Mobile
4938,Mobile
4939,Desktop
4940,Tablet
4941,Tablet
4942,Tablet
4943,Desktop
4944,Tablet
4945,Desktop
4946,Tablet
4947,Tablet
4948,Mobile
4949,Desktop
4950,Mobile
4951,Mobile
4952,Mobile
4953,Desktop
4954,Desktop
4955,Tablet
4956,Mobile
4957,Tablet
4958,Mobile
4959,Desktop
4960,Desktop
4961,Desktop
4962,Mobile
4963,Desktop
4964,Mobile
4965,Tablet
4966,Mobile
4967,Tablet
4968,Mobile
4969,Tablet
4970,Desktop
4971,Tablet
4972,Desktop
4973,Desktop
4974,Tablet
4975,Mobile
4976,Mobile
4977,Mobile
4978,Mobile
4979,Mobile
4980,Desktop
4981,Mobile
4982,Desktop
4983,Desktop
4984,Desktop
4985,Tablet
4986,Tablet
4987,Moblie
4988,Tablet
4989,Moblie
4990,Mobile
4991,Desktop
4992,Mobile
4993,Desktop
4994,Desktop
4995,Mobile
4996,Tablet
4997,Mobile
4998,Mobile
4999,Desktop
5000,Desktop
