CustomerKey,CustomerName,City,Phone,Email
5001,Ekbal Batra,Pune,2984016950,avisant@example.com
5002,Arya Bhatnagar,Pune,+912485333896,akapoor@example.net
5003,Harsh Krishnamurthy,Pune,7282154925,mahajanabhiram@example.org
5004,Meghana Ramanathan,Pune,03548161823,kadeanusha@example.net
5005,Yagnesh Nath,Pune,+918762225192,panditjhalak@example.com
5006,Wahab Sanghvi,Pune,0881006523,omgoyal@example.net
5007,Ishani Seshadri,Pune,6807064842,upma63@example.org
5008,Riya Mahajan,Pune,9629594970,dassgauri@example.org
5009,Jeevika Rajagopalan,Pune,+910352517212,palranveer@example.com
5010,Jairaj Upadhyay,Pune,+911900405488,charvi41@example.net
5011,Sarthak Pall,Pune,5088353139,chokshiudant@example.org
5012,Advay Oommen,Pune,4267423569,mitali63@example.com
5013,Aryan Patel,Pune,+918078959053,ominaya@example.com
5014,Umang Sachar,Pune,00103842744,sarrafomaja@example.com
5015,Aryan Naik,Pune,8450566939,faris61@example.com
5016,Advaith Rana,Pune,4912061124,sehgalanya@example.com
5017,Megha Oza,Pune,+919840834601,garimabiswas@example.org
5018,Aarush Palan,Pune,7209554178,joshiyashoda@example.net
5019,Balhaar Mane,Pune,+912750429634,yashasvinarasimhan@example.org
5020,Manan Hans,Pune,+914153069294,akar@example.com
5021,Neel Shah,Pune,5663847328,idhingra@example.org
5022,Yamini Parikh,Pune,+913489901523,sundaramnilima@example.org
5023,Tejas Dash,Pune,+913950666505,lajitababu@example.org
5024,Robert Bala,Pune,+919009934046,atwalaarna@example.net
5025,Gautami Mahal,Pune,+910181237094,balalakshit@example.net
5026,Gautam Dugar,Pune,1012728612,anamika68@example.net
5027,Yashvi Vaidya,Pune,+912699650775,bobaltarak@example.net
5028,Dhriti Lal,Pune,+911680369613,omladli@example.net
5029,Nidra Subramaniam,Pune,08254342252,jagatsama@example.org
5030,Sanya Deol,Pune,+918118494587,agrawaljasmit@example.com
5031,Gaurika Kakar,Pune,00938237099,dde@example.net
5032,Krishna Gandhi,Pune,9887294456,udantchawla@example.net
5033,Amara Chada,Pune,+916791639508,yashasvi18@example.org
5034,Samar Contractor,Pune,01391367814,madanelijah@example.org
5035,Arjun Doctor,Pune,0130832317,azadmall@example.net
5036,Yagnesh Varkey,Pune,+911730679151,nandinimohan@example.org
5037,Chandran Dube,Pune,5278394567,kdyal@example.com
5038,Zarna Atwal,Pune,+916198114733,onveerrau@example.org
5039,Ojasvi Dayal,Pune,9003474363,lsood@example.org
5040,Zashil Yohannan,Pune,08420956943,borrahemal@example.org
5041,Omkaar Bhandari,Pune,+911794637115,
5042,Vedant Lala,Pune,+915594835410,nathazad@example.com
5043,Jagdish Magar,Pune,+916510689848,avni29@example.net
5044,Mason Kadakia,Pune,00464245943,vprakash@example.net
5045,Samar Prashad,Pune,+912031850779,fiyaz15@example.org
5046,Bhavya Nanda,Pune,1829534388,ekta52@example.net
5047,Yashoda Dalal,Pune,+912675930259,yastidass@example.com
5048,Samesh Om,Pune,+916167003512,wbhatt@example.com
5049,Lucky Wali,Pune,06994813017,bhanumati58@example.net
5050,Eta Cheema,Pune,0934404584,udua@example.org
5051,Ucchal Rau,Pune,+911507119860,vgade@example.org
5052,Manan Ramachandran,Pune,00961555855,atwalchameli@example.com
5053,Pranav Ganesh,Pune,6338280487,maanasnatt@example.com
5054,Megha Bobal,Pune,+917792988850,xaviermaharaj@example.net
5055,Jagvi Shan,Pune,+912744736809,rraju@example.org
5056,Nisha Mohanty,Pune,+919366452843,igole@example.net
5057,Mitali Kaur,Pune,04380863156,sinhaganga@example.net
5058,Udyati Dave,Pune,1511781615,deshpandehiral@example.org
5059,Pranit Tailor,Pune,03971882748,gauri35@example.com
5060,Raghav Jaggi,Pune,05490128447,samrahemani@example.net
5061,Faqid Chandran,Pune,3940755524,jganguly@example.com
5062,Bina Ratti,Pune,07882688939,kallagirindra@example.org
5063,Warda Bhavsar,Pune,05098984893,ati42@example.org
5064,Tanish Yohannan,Pune,8891352743,zkibe@example.org
5065,Quincy Golla,Pune,+912837276386,lakshit93@example.net
5066,Robert Iyengar,Pune,+914734189104,subramaniamnidra@example.net
5067,Yatan Golla,Pune,02910726226,gunbirbail@example.com
5068,Krishna Bansal,Pune,+913772717358,rajashravya@example.net
5069,Ekanta Patla,Pune,+915785125214,kumerleela@example.net
5070,Vincent Shah,Pune,5551808614,nigamadvaith@example.org
5071,Yutika Dugar,Pune,8888247486,wvarkey@example.org
5072,Devika Bahl,Pune,+918260656999,pahalchoudhury@example.com
5073,Zinal Bhalla,Pune,0248545240,cprabhakar@example.net
5074,Siya Soman,Pune,4212098727,jai14@example.org
5075,Viraj Prakash,Pune,5335616044,revabhatnagar@example.net
5076,Wazir Gandhi,Pune,+915885150240,pandyanidhi@example.net
5077,Rishi Ramanathan,Pune,1644664061,eperi@example.net
5078,Aarnav Dhillon,Pune,08485674718,bhavani12@example.org
5079,Bhavna Pal,Pune,8706043406,dakshadube@example.net
5080,Yochana Bakshi,Pune,9778131563,maanav83@example.org
5081,Manbir Oza,Pune,3008376775,zehaan77@example.com
5082,Omkaar Manda,Pune,05939851206,arya33@example.com
5083,Aachal Nigam,Pune,0819625768,zehaankrishnamurthy@example.com
5084,Onkar Hari,Pune,9979795277,kalaleena@example.com
5085,Vasana Barman,Pune,02945703813,rajuelijah@example.org
5086,Warhi Modi,Pune,+916282697628,zgour@example.org
5087,Falguni Nair,Pune,04261187358,dhaliwalbhavika@example.com
5088,Madhavi Wagle,Pune,07072493354,ekani62@example.com
5089,Ojas Barad,Pune,2438103782,bajwapranav@example.com
5090,Yadavi Dara,Pune,+917551226402,harrison88@example.com
5091,Yoshita Munshi,Pune,05273818070,dadachakrika@example.org
5092,Triya Sabharwal,Pune,08158972848,fmurthy@example.com
5093,Leena Vyas,Pune,6361349278,abutala@example.net
5094,Sudiksha Bhatt,Pune,1997739664,choudhuryaarna@example.net
5095,Rudra Krish,Pune,8884407224,prattan@example.org
5096,Aahana Sagar,Pune,+917816935710,qmander@example.org
5097,Vanya Hans,Pune,08904101836,gouromisha@example.org
5098,Ati Garde,Pune,6356734113,eloyal@example.com
5099,Onkar Dada,Pune,06167803394,fpradhan@example.net
5100,Warhi Raghavan,Pune,08826062606,ishitasandal@example.net
5101,Harita Parekh,Pune,5696264145,neelima74@example.org
5102,Ekaraj Mishra,Pune,05545401878,sankarekaja@example.org
5103,Yuvraj Shenoy,Pune,+911945681123,yachanabora@example.com
5104,Elijah Dani,Pune,5315268937,lipika00@example.com
5105,Xalak Naik,Pune,4897642061,krishna27@example.com
5106,Waida Sekhon,Pune,+915333441724,shivani02@example.com
5107,Agastya Garg,Pune,+918021197406,xseshadri@example.com
5108,Abdul Jhaveri,Pune,+912321893123,sarindaniel@example.org
5109,Riya Bhatia,Pune,2567228177,sandaljagvi@example.org
5110,Widisha Sule,Pune,+919068586599,sathemax@example.org
5111,Devika Wali,Pune,3734661908,golameghana@example.net
5112,Gabriel Choudhary,Pune,+911862108777,zaitra80@example.org
5113,Baghyawati Nazareth,Pune,0367373385,rkakar@example.org
5114,Samesh Saini,Pune,5352383119,gaurav57@example.com
5115,Udant Varma,Pune,+912962133430,epandya@example.com
5116,Yuvraj Bhardwaj,Pune,05237972849,max33@example.com
5117,Sneha Dugar,Pune,+910804029710,bhaktapatrick@example.net
5118,Alexander Sankar,Pune,7477485580,gayathrichoudhry@example.com
5119,Rachita Bumb,Pune,03857612322,akshay16@example.org
5120,Aarush Hayre,Pune,+919027901333,ayushman24@example.org
5121,Damini Saran,Pune,5580458681,agateoni@example.com
5122,Samarth Malhotra,Pune,7143471172,peter02@example.net
5123,Aarnav Sule,Pune,7273855291,frederick61@example.org
5124,Ekani Nagar,Pune,+918587468944,hemangini51@example.org
5125,Darpan Grewal,Pune,2583523571,iryadhingra@example.org
5126,Vedant Sahni,Pune,1057402734,falgunipal@example.com
5127,Agastya Kala,Pune,+914111173921,amaira22@example.net
5128,Jairaj Rana,Pune,+910221036879,
5129,Nicholas Chakraborty,Pune,00727001686,lakshmisandal@example.net
5130,Veda Gaba,Pune,+910550388990,andrew47@example.com
5131,Anirudh Bandi,Pune,03138249745,akamdar@example.org
5132,Damyanti Natarajan,Pune,+918000342918,bhatiaryan@example.com
5133,Raagini Balakrishnan,Pune,7838111886,chaudharidevika@example.org
5134,Januja Saini,Pune,7581220917,sastryrajata@example.com
5135,Zaitra Batra,Pune,07077212483,sridharharrison@example.org
5136,Caleb Dasgupta,Pune,9964108726,obath@example.net
5137,Wazir Mitra,Pune,04210985984,aarnavsrivastava@example.net
5138,Qushi Dixit,Pune,1474574214,vsha@example.org
5139,Diya Gola,Pune,+911983300948,tsaran@example.net
5140,Hema Dyal,Pune,03131180044,jhaverijairaj@example.org
5141,Pranav Narayan,Pune,9398777737,chakradev75@example.com
5142,Frado Dhillon,Pune,1640562587,amolgrewal@example.com
5143,Vanya Dani,Pune,+912013465037,mukherjeenimrat@example.org
5144,Tristan Nori,Pune,04777476441,yashasvi60@example.org
5145,Balhaar Setty,Pune,+917645082998,gopalgera@example.com
5146,Upasna Garde,Pune,+918684893005,bailsamaksh@example.org
5147,Frado Bassi,Pune,5606324180,thakkarekantika@example.com
5148,Charles Mitter,Pune,+916987787707,raagini24@example.net
5149,Aayush Nori,Pune,1625453096,jmurthy@example.com
5150,Sachi Bhavsar,Pune,8742369484,dakshesh72@example.com
5151,Omisha Subramanian,Pune,7300379983,venkateshladli@example.com
5152,Tamanna Bir,Pune,1359683652,harishcontractor@example.com
5153,Nandini Parekh,Pune,1354760309,bhavika02@example.net
5154,Frederick Mand,Pune,2801746392,dmisra@example.com
5155,Faraj Memon,Pune,1937472711,nagygirik@example.com
5156,Meghana Shere,Pune,+913675035246,chadhaharrison@example.com
5157,Ria Dasgupta,Pune,+919267057616,dsharaf@example.org
5158,Aryan Dada,Pune,07415980191,aayushganguly@example.net
5159,Waida Babu,Pune,2914505722,goelanvi@example.com
5160,Meghana Ray,Pune,+918900555120,mammenpeter@example.com
5161,Brinda Verma,Pune,+912442957340,kevin17@example.net
5162,Nathaniel Mammen,Pune,+917626717350,dhawanaradhana@example.net
5163,Tristan Muni,Pune,7853385492,gautamilal@example.org
5164,Advika Krishnamurthy,Pune,08541370643,mbal@example.net
5165,Wakeeta Bandi,Pune,05190103093,udyatichana@example.org
5166,Baghyawati Dara,Pune,06912771712,jagvimitra@example.org
5167,Yochana Upadhyay,Pune,9681773030,kdada@example.org
5168,Alexander Korpal,Pune,1181901240,chakrika56@example.org
5169,Vasana Sodhi,Pune,03896512026,mitali54@example.org
5170,Chaitaly Singh,Pune,0004467413,ayushman32@example.org
5171,Pavani Arya,Pune,06377282797,ztak@example.org
5172,Benjamin Pau,Pune,4882753377,vedikaramesh@example.com
5173,Januja Vig,Pune,1959522498,pvasa@example.com
5174,Turvi Saxena,Pune,06030381465,varenyamohan@example.org
5175,Max Bawa,Pune,+918079578980,davexavier@example.net
5176,Parth Mahajan,Pune,+917957908219,siddharth49@example.org
5177,Siya Bali,Pune,05760730486,prasadvedhika@example.org
5178,Lila Chacko,Pune,2244849656,horaguneet@example.com
5179,Caleb Sekhon,Pune,+912740349213,ymuni@example.net
5180,Zaid Balan,Pune,+911215153017,mdeshpande@example.net
5181,Gunbir Patil,Pune,1595871181,meghana63@example.org
5182,Jasmit Mangat,Pune,4472871847,pmajumdar@example.com
5183,Ekanta Goswami,Pune,+915589467701,oviyaramachandran@example.com
5184,Maanas Shroff,Pune,4286725223,zayanrastogi@example.com
5185,Warhi Rama,Pune,6212947425,harshilbrar@example.net
5186,Girik Sahota,Pune,5992337464,oiyer@example.net
5187,Hritik Ghose,Pune,+912274149411,cdhar@example.net
5188,Gautam Dhawan,Pune,00843683676,mitali40@example.com
5189,Alexander Sibal,Pune,+917469541456,aishanisane@example.com
5190,Zinal Naik,Pune,+918970499997,gagan10@example.com
5191,Eshana Guha,Pune,5209143313,hraman@example.com
5192,Pooja Badal,Pune,2383619725,liamtank@example.net
5193,Chandran Magar,Pune,6187260225,isabharwal@example.org
5194,Dalaja Panchal,Pune,+914120773741,ybail@example.org
5195,Zilmil Kurian,Pune,+919226147746,hsubramanian@example.org
5196,Liam Balasubramanian,Pune,2926896500,onveer40@example.org
5197,Owen Raval,Pune,+918335529423,lopamisra@example.org
5198,Aadi Deshmukh,Pune,1119456127,samarshroff@example.net
5199,Dakshesh Viswanathan,Pune,+915942818972,samarthboase@example.com
5200,Yatan Chad,Pune,05139313518,zachariamichael@example.com
5201,Aachal Koshy,Pune,+915300122351,kbandi@example.org
5202,Jagdish Devi,Pune,6760941282,kandawatika@example.org
5203,Michael Chauhan,Pune,5247821829,nadkarnironith@example.org
5204,Hemang Gara,Pune,1959549145,lukekala@example.com
5205,Anjali Kala,Pune,5661725507,apingle@example.org
5206,Jeet Bobal,Pune,+915338066642,vshankar@example.org
5207,Sachi Saran,Pune,9514580112,mishrabakhshi@example.org
5208,Manthan Batra,Pune,8666498367,xkaran@example.com
5209,Agastya Handa,Pune,9041186697,chandanimanne@example.net
5210,Jairaj Bains,Pune,5141745035,janaki14@example.net
5211,Nachiket Pal,Pune,03098263162,wgupta@example.org
5212,Naksh Lala,Pune,07106296996,snagi@example.net
5213,Advik Mane,Pune,+913326358620,wardasaha@example.net
5214,Kevin Shah,Pune,+911254428828,flad@example.net
5215,Ekaja Swamy,Pune,+919145527620,ekantika70@example.net
5216,Damini Gala,Pune,5978808851,bhaktaharini@example.com
5217,Krish Mukhopadhyay,Pune,9078706605,karanbandi@example.net
5218,Aarna Bhasin,Pune,7222559863,arunimashan@example.org
5219,Bhavika Sidhu,Pune,+915510603895,jasmit95@example.org
5220,Vasudha Vaidya,Pune,4987926680,zarnavohra@example.org
5221,Yasti Dutt,Pune,08507592290,geetika70@example.net
5222,Naveen Prasad,Pune,+917354097467,mistryvarsha@example.com
5223,Ishanvi Tandon,Pune,3968390841,brijesh51@example.com
5224,Nihal Sen,Pune,5734986915,ethan14@example.org
5225,Tejas Amble,Pune,+910566784678,lekha71@example.org
5226,Logan Kurian,Pune,+915915953846,pradhanwarinder@example.com
5227,Upma Salvi,Pune,+913533598434,chandran16@example.org
5228,Tanish Tandon,Pune,+918016501055,horaamol@example.com
5229,Aarnav Dixit,Pune,+913392298923,yahvibera@example.org
5230,Ikshita Varughese,Pune,02901673047,varshadyal@example.net
5231,Anika Raja,Pune,+915823537524,kashishsridhar@example.org
5232,Azad Pandit,Pune,08874354337,agarwalwatika@example.com
5233,Noah Varughese,Pune,07500026374,clanka@example.com
5234,Eta Ramachandran,Pune,+911431290683,ekta52@example.org
5235,Logan Lad,Pune,8174110152,goyalrobert@example.net
5236,Girish Balasubramanian,Pune,04810419511,qasim81@example.org
5237,Abhiram Baral,Pune,+911333054382,vasasuhani@example.org
5238,Nathaniel Gole,Pune,+913681521149,bansalwishi@example.com
5239,Fariq Kota,Pune,+910146840169,savantraghav@example.com
5240,Harita Korpal,Pune,08369086894,nathaniel81@example.net
5241,Anirudh Kota,Pune,+916715255560,rchaudhuri@example.net
5242,Udyati Anand,Pune,05846700245,purohitanamika@example.org
5243,Vaishnavi Patel,Pune,09401044194,eshanker@example.net
5244,Qasim Pai,Pune,6682850905,nagarajantanvi@example.org
5245,Jagrati Deshpande,Pune,4719394030,zsom@example.net
5246,Gautami Dora,Pune,+913819510592,vmodi@example.com
5247,Abhimanyu Tiwari,Pune,9911196458,braryatin@example.com
5248,Dayamai Bhat,Pune,02214937479,smenon@example.org
5249,Yagnesh Palan,Pune,8613107394,parmersanaya@example.org
5250,Pranit Shenoy,Pune,3320160611,narayananliam@example.com
5251,Yatin Swamy,Pune,+913806124305,nathan77@example.net
5252,Chaitaly Sen,Pune,01720456399,gunbirsingh@example.org
5253,Oni Chhabra,Pune,00672004130,jatinbahri@example.com
5254,Divya Lalla,Pune,02148286643,darpanmanne@example.com
5255,Arjun Thaman,Pune,+916006927130,fbora@example.org
5256,Leena Ramakrishnan,Pune,2075036289,jacksoniyer@example.net
5257,Pratyush Palla,Pune,06839458577,pjani@example.net
5258,Zayan Chana,Pune,06993795526,nthaman@example.org
5259,Yauvani Raju,Pune,+914854290143,yashica04@example.com
5260,Noah Tata,Pune,02814583792,dayamaithaman@example.com
5261,William Comar,Pune,+916506139180,saumyasaxena@example.com
5262,Balveer Bahri,Pune,4926451302,jeetkurian@example.org
5263,Yoshita Sankar,Pune,08544136014,spant@example.org
5264,Sanaya Ganesan,Pune,8710468858,oshan@example.net
5265,Upasna Dash,Pune,00205984759,bmammen@example.com
5266,Kavya Oak,Pune,06808271231,jhalakcherian@example.net
5267,Yuvraj Gandhi,Pune,00695886919,isampath@example.net
5268,Oscar Tandon,Pune,+914557234192,chamansarraf@example.com
5269,Samesh Sachdev,Pune,+917515824388,venkatesheshana@example.net
5270,Harrison Rastogi,Pune,02563638884,jyoti36@example.org
5271,Teerth Saran,Pune,+914290871230,inatarajan@example.com
5272,Vyanjana Contractor,Pune,+919188435593,niharika56@example.net
5273,Vinaya Hans,Pune,8390699511,auroradipta@example.com
5274,Lavanya Padmanabhan,Pune,+917560877106,jhalakbail@example.com
5275,Vasatika Vora,Pune,+912236616349,damyanti99@example.org
5276,Samuel Rai,Pune,3407716048,tara42@example.net
5277,Rachita Chahal,Pune,05595971993,nihal25@example.com
5278,Pavani Acharya,Pune,3491300638,ochander@example.net
5279,Darika Karpe,Pune,+913647175125,rreddy@example.net
5280,Warinder Tank,Pune,5200169281,tanejatarak@example.com
5281,Matthew Wason,Pune,08219790553,katachaman@example.net
5282,Mason Chakraborty,Pune,+914212528606,rbalasubramanian@example.org
5283,Onkar Bansal,Pune,06353792225,pbhargava@example.net
5284,Aryan Mangal,Pune,+912253715076,owenandra@example.net
5285,Jeremiah Arya,Pune,0625906796,williamperi@example.net
5286,Tara Oak,Pune,0158900306,udarshprakash@example.org
5287,Qabil Sha,Pune,02127023347,zbandi@example.net
5288,Theodore Bhatti,Pune,+918067657449,gourrajeshri@example.com
5289,Warjas Dhingra,Pune,1536415517,varenyakrishnamurthy@example.net
5290,Hema Dyal,Pune,9016337805,jagviandra@example.net
5291,Dominic Upadhyay,Pune,4541100507,abeer32@example.com
5292,Baljiwan Sankar,Pune,+917485772434,gautamitaneja@example.com
5293,Akshay Shan,Pune,+916886860639,finn89@example.net
5294,Mekhala Nazareth,Pune,+910035909357,wkannan@example.net
5295,Jagat Kant,Pune,+914142937023,gavin85@example.com
5296,Anirudh Krishnamurthy,Pune,6731474040,lajita47@example.com
5297,Yoshita Bajwa,Pune,7814303898,atailor@example.com
5298,Forum Bath,Pune,+913861449566,sthaman@example.net
5299,Aradhana Nagar,Pune,+916540639041,zinalmisra@example.org
5300,Kamala Mohanty,Pune,02310696492,aarini83@example.net
5301,Triya Iyer,Pune,+918423959188,falansur@example.net
5302,Yachana Vohra,Pune,+912976661629,lcherian@example.net
5303,Balendra Oza,Pune,+912556527961,dewanlekha@example.org
5304,Ekta Chada,Pune,04136878624,naikrushil@example.net
5305,Irya Sandal,Pune,0977770733,bhagataarush@example.com
5306,Timothy Mallick,Pune,+911402193072,jhahamsini@example.com
5307,Xavier Brahmbhatt,Pune,+918154392733,bedisuhani@example.net
5308,Leela Dhaliwal,Pune,03244551241,sarmagayathri@example.net
5309,Lavanya Banerjee,Pune,1635500826,tripathifarhan@example.org
5310,Charvi Chauhan,Pune,2802508144,siddharthsrinivas@example.org
5311,Maya Divan,Pune,1720593967,ijaya27@example.net
5312,Chavvi Sandal,Pune,4773558785,samividhi@example.net
5313,Varsha Sagar,Pune,07022943912,vmanne@example.net
5314,Hema Varty,Pune,+912687888480,ramanathaninaya@example.org
5315,Mohammed Acharya,Pune,05336967813,tanveer46@example.com
5316,Vedika Tandon,Pune,02793258956,anvimurthy@example.com
5317,Janani Issac,Pune,+914203529678,vanya97@example.com
5318,Faras Deshpande,Pune,00832556769,doshiwahab@example.org
5319,Benjamin Thaman,Pune,03309420303,takneel@example.org
5320,Manya Dash,Pune,0636700148,johalyashawini@example.com
5321,Gauri Bandi,Pune,06689244708,srivastavakashvi@example.com
5322,Nandini Lall,Pune,6864452241,kavyaramaswamy@example.com
5323,Raagini Sahota,Pune,04661031970,williamwalia@example.com
5324,Jasmit Sandal,Pune,01179429962,yochana03@example.net
5325,Nimrat Sankar,Pune,02544224835,libniravel@example.org
5326,George Mahal,Pune,+910814221637,charvi31@example.com
5327,Rohan Ram,Pune,+914153559379,laban29@example.org
5328,Ekavir Dixit,Pune,+912173043112,ssur@example.com
5329,Balendra Ramachandran,Pune,+917237629083,ayush10@example.com
5330,Nakul Sekhon,Pune,06799874921,kamyasharaf@example.org
5331,Kashish Dube,Pune,04983377253,kalabhavika@example.org
5332,Ekani Seth,Pune,07630089399,tiyer@example.net
5333,Baghyawati Dhar,Pune,09333228821,fitan83@example.com
5334,Owen Varty,Pune,5235592806,nathan61@example.net
5335,Amrita Mital,Pune,1465021937,akhanna@example.org
5336,Nidhi Ranganathan,Pune,03092472848,naveen91@example.com
5337,Imaran Pandya,Pune,+916404739055,lakshmikibe@example.org
5338,Aarna Shanker,Pune,06467753668,vartymanthan@example.com
5339,Ronith Bansal,Pune,5055958018,rkapur@example.net
5340,Jacob Hegde,Pune,04465462384,rdeshmukh@example.com
5341,Krishna Talwar,Pune,8076392380,dhillonsamuel@example.com
5342,Fariq Bansal,Pune,06814246929,parekhsaanvi@example.org
5343,Chakrika Dhawan,Pune,+918040347175,varkeyniharika@example.com
5344,Panini Sarma,Pune,+910036182438,nagarajanvinaya@example.org
5345,Tamanna Sachdev,Pune,02448976024,ranveer34@example.org
5346,Xalak Chatterjee,Pune,+915351540451,balhaar37@example.net
5347,Harshil Modi,Pune,2909398902,kiaannarasimhan@example.org
5348,Nidra Kapadia,Pune,+911197741137,dalbirsule@example.com
5349,Aadhya Bandi,Pune,+915993466615,voraharrison@example.org
5350,Jatin Lata,Pune,1934952019,ambleaarnav@example.net
5351,Ekapad Acharya,Pune,+915964473577,swaminathanlaban@example.com
5352,Ekapad Atwal,Pune,+911362536109,pooja04@example.net
5353,Alka Khalsa,Pune,00322574475,qborah@example.com
5354,Chaman Kaul,Pune,+918999367148,wrideshtaneja@example.com
5355,Pushti Butala,Pune,01503910413,gsawhney@example.org
5356,Ranbir Sathe,Pune,1046761199,chackoom@example.org
5357,Waida Master,Pune,9598239040,mahajanqadim@example.org
5358,Avi Shukla,Pune,8354003335,rlad@example.net
5359,Widisha Kant,Pune,09414195427,gautami67@example.net
5360,Nandini Varkey,Pune,03474595261,ychandran@example.net
5361,Bhavini Banerjee,Pune,09913873195,fmani@example.net
5362,Qarin Jaggi,Pune,+915619586104,ohari@example.com
5363,Lipika Bajaj,Pune,+911065437389,aarini82@example.net
5364,Jeremiah Rajan,Pune,+914659836686,zminhas@example.org
5365,Fiyaz Chaudhry,Pune,9511208053,usarna@example.com
5366,Praneel Bhalla,Pune,+918614477200,wpingle@example.org
5367,Manbir Dasgupta,Pune,0039692845,rajatapradhan@example.net
5368,Mugdha Ramesh,Pune,+916039235626,qkrishna@example.com
5369,Bhavika Thakur,Pune,01290659301,upma59@example.net
5370,Balhaar Krishnamurthy,Pune,5666429631,hmanne@example.net
5371,Peter Tata,Pune,06737607631,qhans@example.org
5372,Rayaan Patil,Pune,+916296809666,joshua19@example.net
5373,Faraj Korpal,Pune,01767975753,swaminathanbachittar@example.net
5374,Oliver Buch,Pune,6372187561,isarraf@example.net
5375,Balveer Sangha,Pune,04115548122,tripathihredhaan@example.com
5376,Hamsini Pillay,Pune,4710108702,zachariahfrado@example.net
5377,Devansh Raman,Pune,+913991981099,yasti83@example.org
5378,Bhavika Wali,Pune,09935450695,dominicbhatt@example.org
5379,Jack Ahuja,Pune,2353770643,sarrafcharita@example.net
5380,Amol Sridhar,Pune,+919730080169,pranavbatta@example.com
5381,Ojasvi Dani,Pune,3459029567,rachitasamra@example.org
5382,Lohit Gala,Pune,+914342305813,udyati37@example.net
5383,Henry Varkey,Pune,01788134852,xsarraf@example.com
5384,Darsh Chaudhari,Pune,01825812340,vghosh@example.net
5385,Arya Luthra,Pune,01765979875,chakradhar72@example.net
5386,Wridesh Dugar,Pune,+915179947709,ria58@example.com
5387,Aayush Bath,Pune,04205006833,mandikshita@example.com
5388,Tamanna Sen,Pune,7626266861,tgrewal@example.com
5389,Pavani Bhatti,Pune,02620105755,sbail@example.net
5390,Nandini Agate,Pune,03078895695,krishdev@example.org
5391,Nathaniel Butala,Pune,9841026821,rnath@example.com
5392,Girindra Tara,Pune,6086933866,psarraf@example.org
5393,Urishilla Vig,Pune,06505198367,christopher25@example.net
5394,Chandran Din,Pune,8331458400,godanitesh@example.com
5395,Jacob Mohan,Pune,09626076208,sethizehaan@example.net
5396,Wishi Murty,Pune,+911223094522,agateharsh@example.net
5397,Mitesh Bhavsar,Pune,9617122693,okulkarni@example.org
5398,Indira Bhatia,Pune,7778951758,jhakrish@example.com
5399,Matthew Chakrabarti,Pune,4137401930,thomas49@example.org
5400,Vedika Oommen,Pune,1395378272,dayita14@example.org
5401,Manya Gulati,Pune,07309894217,karnikcharvi@example.org
5402,Chandran Badal,Pune,+917561682021,yadavmaanav@example.org
5403,Geetika Tailor,Pune,+915728366437,chhabrajack@example.net
5404,Manya Brahmbhatt,Pune,4514961664,raagininatt@example.net
5405,Oni Sarkar,Pune,03654740453,daksheshsundaram@example.com
5406,Saksham Wali,Pune,08246271244,tanejaavni@example.com
5407,Frado Kothari,Pune,04100516457,lekhabajwa@example.org
5408,Fariq Mall,Pune,+917833297620,janani68@example.org
5409,Liam Ravi,Pune,+918409024823,duaekta@example.net
5410,Mohammed Dugar,Pune,+916677638997,aarna37@example.org
5411,Robert Sani,Pune,05615866740,darpankrishnamurthy@example.com
5412,Liam Merchant,Pune,0375332219,bvarty@example.org
5413,Victor Kannan,Pune,02947306866,santlakshit@example.org
5414,Siya Garg,Pune,+916076450091,pratyush06@example.net
5415,Udarsh Narain,Pune,01767052152,zsagar@example.com
5416,Bhavya Dhaliwal,Pune,+917885558145,hrama@example.org
5417,Baljiwan Randhawa,Pune,+919226664820,sodhiorinder@example.net
5418,Jeet Kohli,Pune,3677988251,dhawanrachit@example.org
5419,Aradhana Chaudhuri,Pune,09474083311,balendra58@example.net
5420,Ekaja Dixit,Pune,9315421851,uvenkataraman@example.net
5421,Eta Bhardwaj,Pune,09803426704,bhavna27@example.com
5422,Kamala Bobal,Pune,6430737805,jalsa75@example.org
5423,Gopal Muni,Pune,6473721165,faraj19@example.com
5424,Onkar Nigam,Pune,7524717690,
5425,Inaya Iyengar,Pune,01824016915,fviswanathan@example.com
5426,Chasmum Baria,Pune,0466979731,xpuri@example.org
5427,Hiral Loyal,Pune,+914431044852,bswamy@example.org
5428,Mugdha Master,Pune,6752897326,andrew43@example.com
5429,Tripti Srivastava,Pune,6040234797,lekhagara@example.com
5430,Chaman Raman,Pune,+915098876491,sekhonraghav@example.org
5431,Vasana Nanda,Pune,+913360771106,fitansane@example.net
5432,Azaan Ravel,Pune,+919194401671,arunima03@example.org
5433,Jeet Sridhar,Pune,00392887873,barya@example.net
5434,Robert Handa,Pune,03142527605,vivaan28@example.org
5435,Nikita Gola,Pune,06383341780,ladaishani@example.org
5436,Harinakshi Narang,Pune,+916088862302,yashodamerchant@example.org
5437,Urvashi Madan,Pune,01316765583,nathan65@example.org
5438,Triya Sarraf,Pune,3867025352,mananvasa@example.org
5439,Kevin Bhakta,Pune,+919254519868,dominic15@example.net
5440,Chandani Mittal,Pune,05739756097,jarora@example.com
5441,Urmi Sankar,Pune,2530448722,qabil97@example.org
5442,Shivani Agrawal,Pune,05182006227,rohan51@example.com
5443,Hiral Shankar,Pune,+913913319672,indalimammen@example.com
5444,Zashil Ganesan,Pune,+913583000552,svirk@example.org
5445,Libni Chaudhari,Pune,+919759880997,ukapadia@example.org
5446,Advay Arora,Pune,00480234123,surgautami@example.net
5447,Mohammed Misra,Pune,4386261793,sanghvikamya@example.com
5448,Karan Shenoy,Pune,+914575246336,neelima37@example.com
5449,Janya Batra,Pune,3344978735,christophersanghvi@example.org
5450,Charita Chaudhry,Pune,02726800335,ramaswamynandini@example.org
5451,Chanchal Ganesh,Pune,05897007059,obhargava@example.net
5452,Libni Vala,Pune,+911201267735,rshenoy@example.net
5453,Bhavika Sane,Pune,0309515035,lalljanuja@example.net
5454,Elijah Choudhury,Pune,7477888131,puriwazir@example.org
5455,Anthony Bhandari,Pune,5586414094,parththaker@example.org
5456,Upma Venkatesh,Pune,05531526676,farhan19@example.org
5457,Zinal Mani,Pune,+912993769528,nkade@example.com
5458,Ekiya Bhandari,Pune,4062411468,vanya71@example.net
5459,Liam Dubey,Pune,07772704958,warjasupadhyay@example.org
5460,Xalak Devan,Pune,09098605477,orinderboase@example.org
5461,Chanchal Seth,Pune,+911066589569,yashodarout@example.net
5462,Megha Kadakia,Pune,2036325920,walifaraj@example.net
5463,Abhiram Saran,Pune,+915306864701,chaitanyadora@example.org
5464,Lucky Sem,Pune,03194293897,nisha41@example.net
5465,Megha Sen,Pune,03417483441,yashvi86@example.net
5466,Adya D’Alia,Pune,09249637614,ojassampath@example.com
5467,Frado Sunder,Pune,+911829480387,ssandhu@example.org
5468,Kavya Rastogi,Pune,0065447258,sachisane@example.net
5469,Jackson Upadhyay,Pune,03448326120,pandeyviraj@example.org
5470,Max Dube,Pune,8041761278,mitalichander@example.net
5471,Sachi Ramachandran,Pune,05503394846,gopaldhar@example.net
5472,Quincy Date,Pune,6871026337,balhaarbadal@example.net
5473,Rachita Kade,Pune,7700148862,lrama@example.com
5474,Lavanya Patel,Pune,2349430365,zbatra@example.net
5475,Gaurav Naik,Pune,6858161477,esidhu@example.net
5476,Tripti Bassi,Pune,0930199115,anitamagar@example.org
5477,Joshua Din,Pune,00722511604,balaupasna@example.org
5478,Hiral Kumer,Pune,3925000413,charvi10@example.com
5479,Barkha Mandal,Pune,+915481548249,kala06@example.org
5480,Eiravati Rana,Pune,+915527926767,vamakshi90@example.net
5481,Pranit Bhasin,Pune,0511380473,viswanathanyauvani@example.org
5482,Geetika Gole,Pune,+918553159154,zilmilbhandari@example.com
5483,Omya Sem,Pune,2687093180,onveer40@example.com
5484,Vamakshi Thaman,Pune,2608811856,krisha21@example.com
5485,Krisha Jani,Pune,+911660015392,nvarkey@example.org
5486,Forum Rai,Pune,08472856831,dugarekansh@example.net
5487,Anamika Subramaniam,Pune,03251546551,balanucchal@example.com
5488,Avi Dhaliwal,Pune,+913340715961,kevin42@example.com
5489,Varsha Nair,Pune,0050751411,pahal95@example.net
5490,Dayita Sibal,Pune,+919775046325,choudharyvritti@example.com
5491,Raksha Mukhopadhyay,Pune,3097556120,zaidhanda@example.net
5492,Umang Vala,Pune,4669327528,uchokshi@example.com
5493,Hemang Kar,Pune,+917192955036,edhillon@example.net
5494,Shivansh Sethi,Pune,+912502526411,devansh81@example.org
5495,Fitan Oak,Pune,09211005526,birviraj@example.net
5496,Jhalak Kota,Pune,04250048281,vidhi97@example.com
5497,Irya Desai,Pune,03318840101,yahvi57@example.com
5498,Ishani Kaur,Pune,5403889104,jbhakta@example.net
5499,Udarsh Pau,Pune,5011782737,bsharaf@example.org
5500,Siya Narain,Pune,4518040971,tristancheema@example.org
5501,Pranit Sura,Pune,04398878237,jairajdin@example.com
5502,Yachana Dhawan,Pune,3527502381,zsalvi@example.com
5503,Devansh Buch,Pune,0231825819,eshanamitter@example.net
5504,Bhavna Jha,Pune,+916603784565,thomas09@example.net
5505,Dominic Sehgal,Pune,01674625500,kalasara@example.com
5506,Ekani Gandhi,Pune,7784948035,xsem@example.org
5507,Anusha Sachar,Pune,04883736803,ishwarsubramaniam@example.com
5508,Joshua Talwar,Pune,3987600702,brout@example.org
5509,Gayathri Bhat,Pune,+919843260576,bailridhi@example.net
5510,Tanmayi Vaidya,Pune,+916173913553,indira77@example.net
5511,Ekaraj Borah,Pune,8248939130,ythaman@example.com
5512,Aishani Talwar,Pune,3697055234,jasonnagar@example.net
5513,Dominic Cheema,Pune,07157814022,jananikuruvilla@example.net
5514,Faris Solanki,Pune,05450160908,shereraagini@example.org
5515,Ekaraj Doctor,Pune,+912162655083,pswaminathan@example.net
5516,Aadhya Datta,Pune,02589055049,ayaan02@example.com
5517,Falan Balay,Pune,8228707347,zachariapahal@example.com
5518,Xavier Tara,Pune,1848159967,mahikadhillon@example.org
5519,Omisha Shankar,Pune,01774863772,kamya36@example.net
5520,Daniel Kari,Pune,06189655814,deomaanav@example.org
5521,Frado Uppal,Pune,+916040382869,onikoshy@example.net
5522,Caleb Din,Pune,9835612696,deepa35@example.net
5523,Imaran Patel,Pune,06539314469,quincy50@example.com
5524,Kavya Dutta,Pune,07209038429,ekavirparmar@example.com
5525,Sara Thakur,Pune,04730619317,chopraaarini@example.com
5526,Yadavi Gaba,Pune,9245116357,lokevivaan@example.net
5527,Parth Tara,Pune,08740018752,chavvi80@example.com
5528,Banjeet Hora,Pune,01971357778,rayaanbatta@example.com
5529,Janaki Verma,Pune,9174070880,ebasak@example.org
5530,Ekavir Madan,Pune,04681921910,ramaswamyfariq@example.org
5531,Yahvi Bedi,Pune,4756252392,lrau@example.org
5532,Qabil Lal,Pune,+915556171635,shuklazayan@example.org
5533,Shravya Palla,Pune,+917580737885,bassijasmit@example.com
5534,Balendra Pingle,Pune,08393543106,farajreddy@example.com
5535,Wishi Sankar,Pune,+919266852982,indrajit79@example.org
5536,Ojas Bora,Pune,+919000711410,fitankata@example.net
5537,Onveer Korpal,Pune,3810516029,waidaraj@example.net
5538,Yachana Zachariah,Pune,+913567682497,perivasudha@example.org
5539,Daksh Pandya,Pune,09539361262,fapte@example.org
5540,Kritika Maharaj,Pune,+918229960127,aishani45@example.com
5541,Fiyaz Pillai,Pune,07885492707,kallakalpit@example.com
5542,Parth Koshy,Pune,2752997643,shari@example.net
5543,Neha Deo,Pune,2166079172,kavya52@example.com
5544,Timothy Ranganathan,Pune,+912551426470,qlata@example.net
5545,Prisha Borde,Pune,06343193813,yadavimurty@example.net
5546,Avni Dutt,Pune,8581542359,sdesai@example.net
5547,Nathan Chaudhari,Pune,+919587760815,sarmaupma@example.net
5548,Timothy Tiwari,Pune,+915586707322,jasmit81@example.net
5549,Rajata Kulkarni,Pune,+918018394825,yauvani42@example.org
5550,Janaki Reddy,Pune,1573651146,buchpallavi@example.com
5551,Advika Dave,Pune,5155069801,zaid58@example.org
5552,Bimala Narayan,Pune,01949203629,ftaneja@example.org
5553,Balvan Dhawan,Pune,4757036361,dasoviya@example.org
5554,Ayushman Ganesan,Pune,04813350763,pantnitesh@example.com
5555,Parth Vaidya,Pune,8006683685,chakradhar15@example.org
5556,Ganga Kara,Pune,7375528266,aryan40@example.net
5557,Kashvi Tripathi,Pune,04654503191,thakkarpooja@example.com
5558,Chameli Kapadia,Pune,08322725711,shuklaagastya@example.com
5559,Yashvi Rajagopalan,Pune,+919893224611,bvig@example.net
5560,Bhavika Sarin,Pune,03201719818,chatresh02@example.com
5561,Aashi Lata,Pune,7697778698,ridhi83@example.net
5562,Xavier Iyer,Pune,03777074330,jagratiprasad@example.com
5563,Upkaar Vyas,Pune,1880903069,shivanshshetty@example.com
5564,Amol Toor,Pune,00765703041,prishavarughese@example.net
5565,Michael Goel,Pune,+917904669152,kashishkapur@example.com
5566,Deepa Rau,Pune,09753981311,vedanarula@example.net
5567,Hredhaan Rai,Pune,+919485720421,emohan@example.org
5568,Aarini Jain,Pune,1600491486,lajitaoza@example.net
5569,Nakul Patla,Pune,06022408698,chahaljonathan@example.org
5570,Raksha Borra,Pune,+913386145906,jbose@example.org
5571,Ekaja More,Pune,2991670690,hrau@example.net
5572,Idika Das,Pune,9133600571,triyaarya@example.net
5573,Wyatt Cherian,Pune,+911427593930,harshil16@example.org
5574,Vanya Halder,Pune,06676047372,ykhatri@example.com
5575,Logan Lall,Pune,4954990283,finn44@example.org
5576,Chaitanya Warrior,Pune,+913557120947,reyansh02@example.net
5577,Aishani Rajagopal,Pune,0945597672,calebkata@example.com
5578,Pallavi Halder,Pune,1374475889,gabrielpradhan@example.org
5579,Vihaan Tiwari,Pune,+915743421418,atharvmanda@example.org
5580,Forum Chand,Pune,6936163584,adyachoudhry@example.org
5581,Nachiket Memon,Pune,0176132057,petershanker@example.org
5582,Abeer Palla,Pune,+918723778281,kapurhiral@example.org
5583,Jeremiah Hora,Pune,06611382559,ekapad26@example.net
5584,Upadhriti Kala,Pune,1945831359,osubramanian@example.com
5585,Pooja Singh,Pune,+916144847582,krish39@example.org
5586,Ijaya Buch,Pune,+912856483095,kuruvillamohammed@example.com
5587,Gavin Vaidya,Pune,+917221181048,rajagopalanveda@example.com
5588,Charita Kata,Pune,08100927535,urmi53@example.net
5589,Peter Kumar,Pune,3476242754,brijesh06@example.org
5590,Shivani Ravi,Pune,7419860603,sarnatejas@example.org
5591,Vinaya Samra,Pune,0854477578,rushil69@example.org
5592,Rushil Samra,Pune,+914250366488,periyashodhara@example.net
5593,Nihal Mutti,Pune,+912930389466,cprabhu@example.org
5594,Noah Bhardwaj,Pune,+913027600054,spatel@example.org
5595,Vidhi Dar,Pune,+911178592938,sameshsavant@example.com
5596,Jagrati Thaker,Pune,01011477495,arinkata@example.net
5597,Jai Char,Pune,+915037534732,achaudhry@example.org
5598,Darsh Naik,Pune,1967497825,lchawla@example.org
5599,Chaman Loke,Pune,0110035281,hardik89@example.net
5600,Edhitha Natt,Pune,09385138116,anitakalla@example.net
5601,Ekavir Jain,Pune,8967761187,robert76@example.com
5602,Aradhana Kala,Pune,04571512895,tshankar@example.net
5603,Vanya Basak,Pune,6075419428,gagansheth@example.org
5604,Upasna Vasa,Pune,4375329680,vasatikathaker@example.org
5605,Rayaan Naidu,Pune,08984695473,jradhakrishnan@example.org
5606,Rudra Lata,Pune,+912837428648,deviorinder@example.org
5607,Aarna Dani,Pune,1649771381,hbava@example.net
5608,Leela Chandra,Pune,4142402189,ebanerjee@example.com
5609,Zinal Bhakta,Pune,09108630050,lmanda@example.net
5610,Unnati Manne,Pune,9340874514,bahrikrisha@example.net
5611,Yashvi Kata,Pune,8691481627,bhavsarayaan@example.net
5612,Guneet Sampath,Pune,+917220458493,pavani96@example.org
5613,Lakshmi Sankar,Pune,08459061161,aashi71@example.org
5614,Waida Amble,Pune,+918547338061,aishanichandra@example.com
5615,Dipta Subramanian,Pune,8208727818,pandyawarjas@example.org
5616,Aarna Shroff,Pune,+910491783548,banerjeehitesh@example.com
5617,Raksha Sant,Pune,+916511362866,qpanchal@example.org
5618,Bishakha Sandhu,Pune,4116306081,harshil04@example.com
5619,Anjali Narayan,Pune,+917230042217,fariskhalsa@example.net
5620,Bakhshi Mishra,Pune,06532340364,charita44@example.org
5621,Hemangini Nagy,Pune,08869928397,bathdevansh@example.com
5622,Benjamin Tripathi,Pune,+913969494452,mmodi@example.net
5623,Bhavini Choudhary,Pune,9236711419,dewanneha@example.com
5624,Baljiwan Bhatnagar,Pune,03156341036,regearya@example.net
5625,Urmi Bose,Pune,07400616303,ipillay@example.org
5626,Caleb Pau,Pune,07904662951,leeladoshi@example.net
5627,Tanveer Yogi,Pune,9139172432,fbose@example.org
5628,Hritik Singh,Pune,+912826542489,khannaliam@example.com
5629,Priya Kadakia,Pune,+919211280752,chamanmorar@example.net
5630,Yahvi Kala,Pune,02895988058,aadivig@example.com
5631,Gautami Desai,Pune,08324079888,quppal@example.net
5632,Udant Narayanan,Pune,6777372321,anarayan@example.org
5633,Daniel Sandal,Pune,+918728794626,vrishti68@example.net
5634,Urmi Sangha,Pune,5728646329,bariaaarna@example.net
5635,Reyansh Ben,Pune,04825378851,jandra@example.org
5636,Advik Chaudhary,Pune,8291345699,echaudhary@example.net
5637,Jhalak Venkataraman,Pune,+919247586462,adwetagolla@example.net
5638,Reyansh Mody,Pune,01482440198,ahujanaveen@example.com
5639,Gautam Sarkar,Pune,+919605188057,irau@example.net
5640,Luke Bhandari,Pune,+915579018053,asani@example.com
5641,George Rao,Pune,02168748314,sastrybenjamin@example.com
5642,Gavin Arya,Pune,+917573242799,henry93@example.org
5643,Darika Sachdeva,Pune,05757459771,sandhuabeer@example.org
5644,Gavin Chaudhary,Pune,7924660542,gagan85@example.org
5645,Niharika Sagar,Pune,07505166477,zilmil99@example.net
5646,Vyanjana Padmanabhan,Pune,0009843667,randhawayashoda@example.com
5647,Oscar Yohannan,Pune,03824762797,ghosesaksham@example.net
5648,Dipta Bajaj,Pune,+917778757257,sarnavrishti@example.com
5649,Bhavini Savant,Pune,00319362085,maanavbhatnagar@example.com
5650,Ekansh Dave,Pune,1285289956,michael20@example.org
5651,Ladli Shere,Pune,+915281476204,mahajanadvaith@example.net
5652,Raghav Tripathi,Pune,+916088364717,fvohra@example.com
5653,Nisha Basu,Pune,+911597548070,ramanathanpallavi@example.net
5654,Ayaan Mander,Pune,5929483925,krisha90@example.org
5655,Yasti Tiwari,Pune,08649444386,znatarajan@example.net
5656,Qabil Barman,Pune,+918974017995,chandaniwarrior@example.com
5657,Ijaya Sabharwal,Pune,+915060017351,praneelnatarajan@example.net
5658,Samesh Dhingra,Pune,+912059170977,etanaidu@example.com
5659,Kritika Agarwal,Pune,08261299326,raviraghav@example.net
5660,Ridhi Thaman,Pune,+911650660693,dugalmaya@example.org
5661,Netra Prasad,Pune,9398548490,irya02@example.org
5662,Vasudha Goyal,Pune,2189309170,chaudhurieta@example.net
5663,Darika Dyal,Pune,06466019334,rayaan81@example.net
5664,Azad Morar,Pune,5081354340,udarshbumb@example.net
5665,Sathvik Deep,Pune,+910091293661,bhatfaris@example.com
5666,Teerth Hayre,Pune,6142448307,zayan62@example.com
5667,Nicholas Batra,Pune,+917870817610,liam32@example.com
5668,Akshay Narula,Pune,+914988289211,zbalay@example.net
5669,Nisha Dayal,Pune,09187162020,zansi06@example.net
5670,Girik Mutti,Pune,+911795509161,charita86@example.org
5671,Nitesh Sidhu,Pune,+914595373588,jsaraf@example.org
5672,Eshana Hari,Pune,+917092065224,yash47@example.net
5673,Yoshita Nayak,Pune,1544454894,fvig@example.com
5674,Saumya Sood,Pune,+913969858261,anthony52@example.net
5675,Chanchal Dhaliwal,Pune,01895614900,lakshitdhingra@example.net
5676,Aarini Morar,Pune,+915413417334,madanunnati@example.com
5677,Adweta Ganesh,Pune,8639076980,bishakha96@example.com
5678,Shaurya Johal,Pune,5263515021,
5679,Aarnav Choudhary,Pune,+911729846424,vihaanbhardwaj@example.net
5680,Irya Ganesh,Pune,+913877585073,lucky85@example.com
5681,Jack Date,Pune,8698656165,kashvikakar@example.org
5682,Fitan Sur,Pune,00338320619,ayaansinha@example.net
5683,Jyoti Sarraf,Pune,+914534161482,aarush71@example.org
5684,Xalak Dhingra,Pune,+912998520994,desaitarak@example.com
5685,Vedant Dar,Pune,+911293072698,upatla@example.net
5686,Devansh Sathe,Pune,+911429489243,niharika45@example.com
5687,Hemang Madan,Pune,+912091841675,balhaar37@example.net
5688,Varsha Memon,Pune,00326725240,inori@example.org
5689,Alexander Karan,Pune,7058099169,goelqushi@example.org
5690,Akshay Bedi,Pune,08698687106,vnatt@example.net
5691,Darpan Shankar,Pune,4378249513,idika86@example.org
5692,Qushi Gill,Pune,08586809013,puribrinda@example.net
5693,Bachittar Sheth,Pune,0190010762,lbala@example.org
5694,Saanvi Rajagopal,Pune,+918102200012,jhaverisuhani@example.net
5695,Lucky Bath,Pune,+910536889764,urvashi55@example.org
5696,Om Sagar,Pune,09942202425,praneelyadav@example.com
5697,Harshil Ramachandran,Pune,08844244336,tatafalak@example.org
5698,Naksh Vora,Pune,1299419936,diyagarde@example.net
5699,Omisha Korpal,Pune,08164518458,dalalaarav@example.net
5700,Neelima Sachar,Pune,02238860326,mandaeesha@example.org
5701,Azaan Nadig,Pune,7629673505,maharajirya@example.org
5702,Aarini Dass,Pune,3301970935,mohantyanmol@example.net
5703,Aadhya Dara,Pune,3630234362,darshgokhale@example.net
5704,Avni Swaminathan,Pune,+912063181395,kalavinaya@example.org
5705,Aditya Chaudhry,Pune,06199517755,ndada@example.net
5706,Vivaan Shukla,Pune,09924691698,kohliowen@example.org
5707,Anthony Sama,Pune,06763135734,patilnathaniel@example.net
5708,Amaira Rama,Pune,03217960020,cheemaupadhriti@example.net
5709,Chatresh Chawla,Pune,+917362388573,jairaj60@example.net
5710,Harita Pal,Pune,03232541329,gavin28@example.org
5711,Ranveer Choudhury,Pune,+912433791055,gayathrideshpande@example.org
5712,Ishita Chopra,Pune,+910628944206,yrajagopal@example.com
5713,Oscar Choudhury,Pune,02554040682,dgolla@example.com
5714,Harini Lad,Pune,05095615905,ishaan33@example.org
5715,Pranav Malhotra,Pune,04242558825,viraj86@example.net
5716,Raghav Kohli,Pune,2996152889,bhallaaarna@example.net
5717,Upasna Pau,Pune,+917788183294,frana@example.net
5718,Abhiram Seshadri,Pune,+914655861204,borakalpit@example.org
5719,Gaurang Prabhakar,Pune,2084374305,baljiwandave@example.com
5720,Brinda Dhawan,Pune,05438702382,zswamy@example.com
5721,Ijaya Nadkarni,Pune,+917398409050,zbalan@example.org
5722,Triveni Samra,Pune,+912704614281,brahmbhatthemani@example.org
5723,Imaran Dara,Pune,09952449180,gababenjamin@example.org
5724,Tamanna Khosla,Pune,1446892498,yauvani99@example.net
5725,Krishna Varghese,Pune,06529313579,pallajyoti@example.org
5726,Gauri Handa,Pune,+911370455881,nikitaswamy@example.net
5727,Madhavi Devi,Pune,7080033822,meera99@example.com
5728,Rajeshri Gupta,Pune,01925421803,ahluwaliarohan@example.net
5729,Jackson Bhatt,Pune,5512831295,qkata@example.org
5730,Hitesh Lala,Pune,7533394229,aayushbrahmbhatt@example.com
5731,Waida Rai,Pune,1190514266,nathan02@example.com
5732,Mugdha Bhargava,Pune,02314912821,mohammedsrinivas@example.net
5733,Tanveer Srinivasan,Pune,9257810029,xdhillon@example.net
5734,Sai Panchal,Pune,1310640680,balveerbalan@example.net
5735,William Badami,Pune,+910164278904,omistry@example.org
5736,Aradhana Goyal,Pune,3029772444,bhavsarrajata@example.org
5737,Jack Gopal,Pune,6334645513,kvarty@example.com
5738,Gaurav Raju,Pune,4119670612,nimrat76@example.net
5739,Yug Tak,Pune,04197443694,ekani85@example.org
5740,Madhav Dua,Pune,2236257740,cchadha@example.org
5741,Ojas Chaudhari,Pune,03042226604,calebdara@example.com
5742,Forum Ravi,Pune,5267807122,teerthtailor@example.org
5743,Dhruv Deol,Pune,8110120962,ucchaldash@example.org
5744,Jalsa Pall,Pune,0119326237,semutkarsh@example.com
5745,Hritik Sinha,Pune,8741234029,benjamin72@example.com
5746,Adweta Palan,Pune,9472784112,vamakshigrover@example.org
5747,Joshua Yadav,Pune,+917778259547,ssampath@example.org
5748,Advik Sangha,Pune,08604126663,gzachariah@example.net
5749,Samaksh Bala,Pune,04198675655,sachi88@example.net
5750,Ekiya Tella,Pune,7190722956,gayathri26@example.com
5751,Pratyush Dave,Pune,3416225997,bakhshi54@example.net
5752,Dayamai Saini,Pune,02813989298,megha58@example.com
5753,Faqid Gill,Pune,04904498745,bahluwalia@example.net
5754,Osha Shetty,Pune,02188013963,rachanamemon@example.org
5755,Ekantika Sunder,Pune,1115695930,ukrishnan@example.com
5756,Damini Tripathi,Pune,+919767376013,chandran61@example.net
5757,Alka Tara,Pune,+918069598486,snadkarni@example.org
5758,Hritik Kalita,Pune,06461617517,narulavarsha@example.net
5759,Tara Srivastava,Pune,04738100715,dhaliwalvyanjana@example.net
5760,Yash Subramaniam,Pune,05029449571,haldernathaniel@example.net
5761,Joshua Bakshi,Pune,09165001930,gavin58@example.net
5762,Gunbir Banik,Pune,2388206588,rbedi@example.com
5763,Advika Kapur,Pune,+912888328989,ekaraj83@example.net
5764,Vedhika Swaminathan,Pune,7126223191,nirjaupadhyay@example.org
5765,Anvi Dube,Pune,1241788473,dalalnikita@example.com
5766,Nihal Narayanan,Pune,05753653619,vvarkey@example.org
5767,Abeer Mand,Pune,+912526778323,loyalabdul@example.com
5768,Gaurang D’Alia,Pune,+910146919235,mallreyansh@example.net
5769,Dhriti Wagle,Pune,+915009821543,craju@example.com
5770,Jhalak Kade,Pune,09819690965,jeet45@example.org
5771,Abha Bawa,Pune,8995180858,hritik99@example.net
5772,Bishakha Mahajan,Pune,+910892803768,tchaudhry@example.com
5773,Ganga Salvi,Pune,0399679975,qadimthaman@example.com
5774,Harshil Nadkarni,Pune,02410938089,jack29@example.com
5775,Adya More,Pune,0638931050,xwable@example.org
5776,Nirja Prasad,Pune,08169819551,kumarleela@example.com
5777,Yug Mahajan,Pune,7784224519,yasti66@example.com
5778,Kavya Bhatt,Pune,07668948596,abhimanyu84@example.org
5779,Pratyush Goel,Pune,2040625964,jacksonbalan@example.org
5780,Saumya Vaidya,Pune,+918083667928,
5781,Alexander Seth,Pune,0658341499,mittalati@example.org
5782,Finn Narula,Pune,00430187658,nagidivya@example.net
5783,Harsh Chand,Pune,+919064672559,bhavya96@example.org
5784,Darsh Sani,Pune,+919986007083,qkeer@example.org
5785,Garima Oza,Pune,+913134897478,enagi@example.org
5786,Xalak Mohan,Pune,2529484974,ekarajpanchal@example.org
5787,Vedant Balasubramanian,Pune,1835150981,hayrelipika@example.com
5788,Jairaj Oommen,Pune,+918574233193,knagi@example.net
5789,Varsha Bedi,Pune,4906157881,upadhyaykiaan@example.net
5790,Samuel Borra,Pune,06908691924,hrandhawa@example.com
5791,Naveen Deep,Pune,+911633864837,gangulyisaac@example.net
5792,Sara Saran,Pune,00726029610,dayalwridesh@example.com
5793,Siddharth Doshi,Pune,+914997472478,ybhasin@example.org
5794,Eiravati Agate,Pune,2498525370,xmuni@example.net
5795,Aditya Pillay,Pune,+913583198816,sarrafnidhi@example.com
5796,Laksh Dada,Pune,00139818323,labandeol@example.com
5797,Sai Sant,Pune,+913478596572,megha24@example.org
5798,Baghyawati Reddy,Pune,08233851423,
5799,Anjali Sura,Pune,+913231809727,wdhingra@example.com
5800,Chatresh Gopal,Pune,8494603655,arunimadani@example.net
5801,Harita Mishra,Pune,+914609841970,guptavrinda@example.net
5802,Sachi Om,Pune,+919790167669,niteshchoudhry@example.com
5803,Michael Ratta,Pune,+918392981805,fariq58@example.com
5804,Zaitra Dayal,Pune,00549892417,bariabalhaar@example.net
5805,Balhaar Jayaraman,Pune,+916606751030,yashoda88@example.org
5806,Janani Chauhan,Pune,09686931694,diya55@example.net
5807,Chakradev Oommen,Pune,4909529029,talwarlipika@example.com
5808,Harish Narula,Pune,9150154593,ishani21@example.net
5809,Yoshita Lal,Pune,08157527402,parikhzaid@example.com
5810,Qadim Chada,Pune,5656064757,bathfaraj@example.org
5811,Azad Narayan,Pune,02269648715,rishi75@example.com
5812,Ojas Modi,Pune,+910040508451,grewalekalinga@example.net
5813,Raghav Bajaj,Pune,+914174965926,yashica97@example.com
5814,Avni Tak,Pune,0557398790,khareharsh@example.net
5815,Janani Dugar,Pune,07868944986,imaran04@example.com
5816,Ishaan Bal,Pune,06886056716,anusha35@example.org
5817,Priya Kibe,Pune,+911080689823,gbarman@example.org
5818,Zaid Kamdar,Pune,07864442877,manbir80@example.org
5819,Nidra Lata,Pune,+911227633254,bathvasana@example.com
5820,Ayush Mand,Pune,07779697806,sagarneelima@example.org
5821,Rayaan Setty,Pune,8620921088,rsha@example.net
5822,Kritika Prabhu,Pune,00131705941,dhruvchopra@example.net
5823,Libni Kothari,Pune,+912010625868,mohammed84@example.org
5824,Wishi Rajan,Pune,+917737576295,lekhagrewal@example.org
5825,Saksham Vaidya,Pune,+917382141101,atwalnakul@example.net
5826,Unni Jayaraman,Pune,+911345077807,znazareth@example.net
5827,Janya Gill,Pune,8214058995,tripti29@example.com
5828,Kabir Dhar,Pune,+911763454621,badaladvay@example.net
5829,Widisha Dave,Pune,04576179158,isarin@example.net
5830,Pooja Dayal,Pune,03628367341,priya51@example.com
5831,Krishna Savant,Pune,+912298675783,wnagarajan@example.org
5832,Kai Vig,Pune,06662099892,madhav57@example.org
5833,David Vig,Pune,+911882978698,chakradhar35@example.net
5834,Yuvraj Acharya,Pune,07689326109,mraj@example.com
5835,Jagrati Salvi,Pune,+913025852730,
5836,Rohan Mitra,Pune,7868176239,isankaran@example.com
5837,Shivani Ramesh,Pune,+916573120368,michaelgolla@example.org
5838,Wahab Pal,Pune,+910902932302,dashvyanjana@example.com
5839,Zilmil Mangal,Pune,+915867579536,tdar@example.com
5840,Ishita Puri,Pune,+919883330220,dakshakhanna@example.org
5841,Libni Bandi,Pune,3221394254,shuklagaurang@example.com
5842,Krisha Verma,Pune,02116158076,chaturakhatri@example.net
5843,Nachiket Dayal,Pune,06555124201,charitaparsa@example.org
5844,Eta Pillay,Pune,09559669570,kkadakia@example.com
5845,William Dubey,Pune,07738020519,yochana17@example.com
5846,Arya Soni,Pune,+917567719151,advaynatarajan@example.com
5847,Samesh Saini,Pune,09500499327,walisiddharth@example.org
5848,Vedika Bhardwaj,Pune,+912360273619,chayre@example.org
5849,Nakul Sandhu,Pune,6224257183,prashadmaya@example.org
5850,Baghyawati Seth,Pune,+915933347358,chakrika66@example.org
5851,Balvan Bandi,Pune,00367106223,fariq45@example.org
5852,Ishwar Krishnamurthy,Pune,+916762447948,
5853,Amaira Bains,Pune,08713098249,baghyawatishetty@example.net
5854,Ryan Sarraf,Pune,7379453911,fdhillon@example.org
5855,Pratyush Andra,Pune,+915106802336,darpan38@example.org
5856,Pushti Amble,Pune,5506874226,yashica43@example.net
5857,Ijaya Barman,Pune,2308765660,oninair@example.org
5858,Dalaja Arora,Pune,04926615007,gautami21@example.net
5859,Rajata Barman,Pune,2046404411,jananichakraborty@example.net
5860,Ucchal Dubey,Pune,3037790136,schandran@example.com
5861,Laban Jhaveri,Pune,06367937710,
5862,Nitara Walia,Pune,6003537374,minhasridhi@example.net
5863,Idika Bera,Pune,04238148507,tanish72@example.org
5864,Yuvraj Oommen,Pune,00234794616,siyamore@example.com
5865,Dalbir Mody,Pune,+914366682596,girish87@example.org
5866,Mason Naik,Pune,02324937153,jeremiah04@example.org
5867,Garima Arora,Pune,05526919153,baljiwanmutti@example.net
5868,Damini Kannan,Pune,+915983856331,jeremiahahluwalia@example.net
5869,Suhani Kala,Pune,+919913441333,xbali@example.org
5870,Ekaja De,Pune,+914363315069,sonisathvik@example.net
5871,Diya Rattan,Pune,+913066597934,wagleakshay@example.com
5872,Vanya Ramanathan,Pune,0061462192,gavin95@example.org
5873,Unnati Munshi,Pune,+912197543496,surapranit@example.com
5874,Bahadurjit Kala,Pune,+910075074989,omohan@example.org
5875,Saumya Pai,Pune,08602450400,sethdarika@example.com
5876,Gaurang Sawhney,Pune,+918516343640,xsha@example.org
5877,Darpan Vig,Pune,00156932029,obedi@example.com
5878,Anjali Bala,Pune,+915525523650,sudikshakaul@example.com
5879,William Narasimhan,Pune,6997663146,chandresh94@example.net
5880,Pahal Bir,Pune,+912328043613,rattanhardik@example.net
5881,Januja Aurora,Pune,+913265509275,dhingravedhika@example.net
5882,Jatin Srinivasan,Pune,1777582253,maniisaiah@example.com
5883,Saksham Mani,Pune,08556994195,fsathe@example.net
5884,Pranav Nanda,Pune,02067109540,bandionkar@example.net
5885,Udyati Banik,Pune,9885731684,frederickmani@example.com
5886,Baghyawati Pal,Pune,+914930411102,rajagopalhenry@example.org
5887,Tristan Palla,Pune,04086565613,gsengupta@example.org
5888,Xavier Deol,Pune,01476509973,zmajumdar@example.net
5889,Zashil Srivastava,Pune,+917209959863,dhruvravi@example.com
5890,Triya Morar,Pune,03372507696,fborah@example.com
5891,Sathvik Rege,Pune,00661450205,bensiya@example.net
5892,Gabriel Sodhi,Pune,+914782203829,mkalita@example.net
5893,Gopal Karan,Pune,7406097693,pahal01@example.org
5894,Jagvi Patil,Pune,7281970030,mbalakrishnan@example.net
5895,Nisha Anne,Pune,+913314041108,sarmaavi@example.org
5896,Vasatika Grewal,Pune,+913326945364,samuel02@example.com
5897,Edhitha Banik,Pune,+911038248676,dipta18@example.com
5898,Netra Kamdar,Pune,01150906348,frado70@example.org
5899,Ronith Parmar,Pune,+912789505318,abhatti@example.net
5900,Warjas Sachdeva,Pune,04851671816,wgoswami@example.org
5901,Veda Kamdar,Pune,9171068850,anmolsodhi@example.net
5902,Kavya Bhattacharyya,Pune,08116944043,kashvi91@example.net
5903,Reva Kant,Pune,02566370236,zayyan44@example.net
5904,Dayamai Nanda,Pune,01905761626,aryakakar@example.com
5905,Owen Oak,Pune,+918039994055,yachanalal@example.com
5906,Fiyaz Singh,Pune,7958181279,vganguly@example.org
5907,Bhavna Srinivasan,Pune,01745127697,ladmadhavi@example.com
5908,Nisha Aurora,Pune,09976409776,jasmitwason@example.org
5909,Baghyawati Khatri,Pune,+910523483355,balamatthew@example.com
5910,Imaran Kakar,Pune,+913888356870,esengupta@example.com
5911,Lucky Prasad,Pune,+912239408318,tanksneha@example.net
5912,Elijah Tandon,Pune,1214176742,rakshanazareth@example.com
5913,Maanav Dutt,Pune,3038366718,prisha31@example.org
5914,Advika Ratta,Pune,3438402385,zinal53@example.net
5915,Ekantika Dhaliwal,Pune,4750389657,hvarughese@example.org
5916,Gayathri Din,Pune,00985065942,anmol09@example.com
5917,Yochana Kurian,Pune,+911162716165,daksheshdhaliwal@example.com
5918,Farhan Palla,Pune,01299675852,tanvi78@example.com
5919,Yashodhara Dar,Pune,5796284116,pjoshi@example.org
5920,Jagdish Dyal,Pune,+917380226390,charan51@example.com
5921,Amaira Rajagopalan,Pune,+914597745304,tripathidarpan@example.com
5922,Ayaan Mutti,Pune,7484660197,rajanimrat@example.net
5923,Widisha Biswas,Pune,7417722273,rohanbakshi@example.net
5924,Harrison Sehgal,Pune,+916963637807,vihaanbhatia@example.net
5925,Prisha Garg,Pune,+916231189826,fshankar@example.com
5926,Sarthak Bail,Pune,0755133544,anmol58@example.net
5927,Aarav Randhawa,Pune,07259083178,qmadan@example.org
5928,Wazir Manda,Pune,+912863338134,bobalishwar@example.org
5929,Suhani Sathe,Pune,2653536545,jthaman@example.net
5930,Anita Lad,Pune,07672009158,priya29@example.org
5931,Brijesh Roy,Pune,5885800612,gargaashi@example.com
5932,Ekalinga Buch,Pune,7992405522,uchacko@example.net
5933,Rajeshri Srinivasan,Pune,+913926362109,schanda@example.org
5934,Vanya Varty,Pune,+917068179998,chandresh07@example.com
5935,Harish Halder,Pune,+918665570748,ikshitasathe@example.org
5936,Oeshi Krishnamurthy,Pune,+917976477027,parya@example.org
5937,Tanveer Wason,Pune,05981218357,sachi28@example.net
5938,Gabriel Rattan,Pune,03643795275,maharajyadavi@example.net
5939,Anamika Dash,Pune,7796803669,sgopal@example.net
5940,Vasana Edwin,Pune,+910581850978,pooja57@example.com
5941,Abhimanyu Lal,Pune,9521694212,ishanvi28@example.com
5942,Mohammed Shere,Pune,2209857294,aradhana16@example.net
5943,Yahvi Chatterjee,Pune,3414552390,seshadriqasim@example.com
5944,Rachana Mukhopadhyay,Pune,+916537039424,amritamunshi@example.com
5945,Wishi Sinha,Pune,02199270122,wriddhishwadhwa@example.net
5946,Yasti Kakar,Pune,02973365603,chanakyadora@example.org
5947,Abhimanyu Behl,Pune,03662376351,mnatt@example.net
5948,Gauri Gala,Pune,2302674754,obajaj@example.org
5949,Yauvani Deol,Pune,02826060306,oscarprasad@example.net
5950,Girindra Randhawa,Pune,+915612800918,gaurika08@example.com
5951,Gaurangi Raman,Pune,5867985491,utkarsh39@example.org
5952,Xalak Pai,Pune,+915877674666,nandini24@example.net
5953,Warda Atwal,Pune,+912293070899,harini44@example.net
5954,Jonathan Khatri,Pune,00568348891,hgrover@example.org
5955,Aarna Kade,Pune,07642541565,
5956,Upma Kulkarni,Pune,9164791870,finn31@example.com
5957,Upasna Sidhu,Pune,+912299171456,yatantalwar@example.com
5958,Amrita Ganguly,Pune,3747339360,lakshmi21@example.org
5959,Suhani Gola,Pune,07440531176,vdhar@example.com
5960,Panini Datta,Pune,06049261513,shankerbenjamin@example.org
5961,Ansh Deshmukh,Pune,8280721425,aayushmunshi@example.org
5962,Osha Merchant,Pune,+912502530545,jvarkey@example.com
5963,Indira Chowdhury,Pune,1883039232,kevin86@example.net
5964,Victor Menon,Pune,08769498706,lipikabora@example.net
5965,Nachiket Thakur,Pune,03444253637,shaurya43@example.org
5966,Brijesh Kurian,Pune,3280542828,cnarayanan@example.net
5967,Siddharth Toor,Pune,5066043222,munshionkar@example.org
5968,Dalbir Mani,Pune,+917061602381,achandran@example.com
5969,Kritika Bhavsar,Pune,+916747632403,mitesh03@example.org
5970,Ranbir Bakshi,Pune,+919972266238,naveenbava@example.net
5971,Kala Tara,Pune,8526331257,anya73@example.org
5972,Timothy Badami,Pune,1740210694,ehayre@example.org
5973,Jyoti Tata,Pune,06226775566,qguha@example.net
5974,Dipta Bhatt,Pune,06346473931,umang72@example.net
5975,Hemangini Dugal,Pune,08583372846,anushaparsa@example.org
5976,Maanas Rattan,Pune,+917445730762,mukherjeegagan@example.org
5977,Advaith Chad,Pune,+919712360298,
5978,Bhavika Madan,Pune,6267505150,pandeyvasana@example.org
5979,Rehaan Sant,Pune,1424575562,sinhadamini@example.com
5980,Tanish Mitter,Pune,+916003215302,ukorpal@example.com
5981,Wakeeta Narayanan,Pune,1821282151,minhassachi@example.org
5982,Azaan Morar,Pune,7598510253,upma50@example.org
5983,Waida Mann,Pune,8171365989,swamyom@example.com
5984,Anya Rao,Pune,09766679839,ayushgara@example.com
5985,Ekalinga Khosla,Pune,+916654147971,anamikachad@example.com
5986,Yahvi Buch,Pune,+918440875646,bhavya69@example.org
5987,Ira Parekh,Pune,+911034214142,asodhi@example.com
5988,Anmol Rama,Pune,01587467185,abha39@example.net
5989,Hema Chaudhry,Pune,+917161817658,gbuch@example.net
5990,Jagvi Sahota,Pune,+916892253020,qadim49@example.org
5991,Yachana Sethi,Pune,08414642235,raymohammed@example.org
5992,Victor Borra,Pune,+917101535020,luke34@example.net
5993,Baljiwan Kala,Pune,+918964765774,hayerimaran@example.com
5994,Yagnesh Uppal,Pune,00853350086,iroy@example.net
5995,Kashvi Varty,Pune,8738150257,parth12@example.org
5996,Saksham Lall,Pune,7280279588,rishigupta@example.org
5997,Saanvi Sarma,Pune,+917156147358,leenagupta@example.net
5998,Pranav Mallick,Pune,8855271318,chanchalbasak@example.net
5999,Balveer Rattan,Pune,2854939600,bawayasti@example.net
6000,Oeshi Sastry,Pune,07571953074,frado97@example.com
6001,Lipika Vig,Pune,3343684070,chavvibumb@example.org
6002,Jonathan Chhabra,Pune,+912642259333,samaksh40@example.com
6003,Eshana Mahajan,Pune,0060575448,qdevan@example.org
6004,Imaran Mahal,Pune,+912568687635,daksh20@example.com
6005,Vedhika Kar,Pune,4854185852,lallkrisha@example.org
6006,Ekansh Mallick,Pune,04621950674,uramaswamy@example.org
6007,Jason Sodhi,Pune,+915793586262,tdhar@example.net
6008,Mitesh Dasgupta,Pune,+913521517924,bsetty@example.org
6009,Vritti Talwar,Pune,02461780783,nathbhavya@example.net
6010,Barkha Wali,Pune,02122281011,madanmax@example.com
6011,Nilima Gopal,Pune,6162412077,jasongandhi@example.net
6012,Yatan Srivastava,Pune,+915149844108,rsuri@example.org
6013,Dipta Sura,Pune,+915313685372,sdube@example.org
6014,Ranbir Lall,Pune,2488637342,meeranazareth@example.org
6015,Onkar Ramesh,Pune,08036554358,riamukhopadhyay@example.com
6016,Yauvani Desai,Pune,+917784555497,abha77@example.org
6017,Upkaar Manda,Pune,0842352058,gjohal@example.net
6018,Vasana Loke,Pune,9767861062,ebhatti@example.com
6019,Veda Pillai,Pune,05196248026,ladteerth@example.com
6020,Elijah Lalla,Pune,6451616509,ubikahanda@example.net
6021,Jeet Thaman,Pune,1800078584,parmarati@example.org
6022,Falguni Varma,Pune,+919205351870,charlessethi@example.com
6023,Xavier Nagy,Pune,03948583171,gillvedhika@example.com
6024,Mohammed Keer,Pune,+914155887974,badamijagdish@example.net
6025,Diya Pathak,Pune,3229418651,iseshadri@example.net
6026,Qabil Zachariah,Pune,5118785559,oscargill@example.org
6027,Pahal Chandran,Pune,01008858221,madanyug@example.net
6028,Logan Khatri,Pune,4018970839,lucky54@example.com
6029,Forum Sengupta,Pune,5943215403,brindaprashad@example.com
6030,Yuvraj Dhar,Pune,06968971151,ydara@example.com
6031,Yashodhara Kaur,Pune,01552122346,vinayabalakrishnan@example.net
6032,Samuel Varty,Pune,5044925500,ekballala@example.net
6033,Ekantika Walla,Pune,9590941574,ltrivedi@example.com
6034,Arin Kar,Pune,+916449975751,ekansh64@example.com
6035,Ikbal Krishnamurthy,Pune,+919739378405,chakrabortysanya@example.org
6036,Simon Kamdar,Pune,01212207945,usehgal@example.com
6037,Yashoda Char,Pune,+913108623798,luckytalwar@example.net
6038,Vritti Balasubramanian,Pune,+911154901415,enadkarni@example.org
6039,Varenya Master,Pune,06885411249,bhattacharyyalajita@example.org
6040,Hiral Chaudhry,Pune,01508945743,chaayagupta@example.com
6041,Omya Raval,Pune,04095671562,achaudhari@example.com
6042,Anika Misra,Pune,02385609153,anjali49@example.org
6043,Yash Basu,Pune,02133160023,jeevikamannan@example.org
6044,Naveen Dhar,Pune,05441103650,pavani13@example.net
6045,Dayamai Sinha,Pune,+912735726269,fmagar@example.net
6046,Anamika Solanki,Pune,3111707514,vrittiwali@example.org
6047,Tejas Behl,Pune,+915327318996,fariqmutti@example.com
6048,Ganga Dube,Pune,05006212232,eta43@example.net
6049,Eta More,Pune,+916884301384,karmitali@example.net
6050,Krisha Shenoy,Pune,3803295904,ljha@example.org
6051,Amol Anne,Pune,+918167139819,aahana57@example.org
6052,Rushil Raja,Pune,3157872155,bhattikashvi@example.com
6053,Bhavya Sule,Pune,2537647251,leelajani@example.com
6054,Suhani Sur,Pune,8228473771,kundalucky@example.org
6055,Rajeshri Chokshi,Pune,01347305701,nitara24@example.org
6056,Kavya Narasimhan,Pune,9159559345,ememon@example.com
6057,Arunima Savant,Pune,+918734564618,vasudhakar@example.com
6058,Omisha Bali,Pune,+911603701006,issackrish@example.org
6059,Ansh Acharya,Pune,+915550003833,balvandas@example.com
6060,Brinda Khanna,Pune,05287009443,yachana14@example.net
6061,Ekanta Kumar,Pune,+915348118627,bailsai@example.com
6062,Reyansh Grover,Pune,06284044245,yverma@example.net
6063,Idika Hayre,Pune,+918889119926,ksura@example.org
6064,Lila Krishna,Pune,00379225518,jyotigrover@example.net
6065,Jeet Ravel,Pune,3260894863,dpingle@example.org
6066,Lucky Mishra,Pune,+910149416389,zparikh@example.net
6067,Indali Vasa,Pune,03053714625,bsant@example.net
6068,Vansha Patil,Pune,0818766830,brindasubramaniam@example.com
6069,Akshay Korpal,Pune,4641498856,ciyengar@example.com
6070,Mekhala Banik,Pune,+917151566526,umang69@example.net
6071,Sanya Kar,Pune,+914354310700,sanayamodi@example.org
6072,Samarth Trivedi,Pune,+918161973580,bimala12@example.net
6073,Balveer Cheema,Pune,+915944186797,jacksonbobal@example.net
6074,Ira Tella,Pune,+916475687666,mdube@example.org
6075,Xavier Sathe,Pune,5731910259,suleshivani@example.com
6076,Vidhi Sethi,Pune,+919341085334,bina36@example.com
6077,Madhavi Misra,Pune,02066085593,patilupma@example.com
6078,Ekapad Mahajan,Pune,05109587908,gauridate@example.net
6079,Unnati Dora,Pune,+913589764709,daksh97@example.org
6080,Chaitanya Pillai,Pune,05776500286,hritik64@example.com
6081,Priya Kala,Pune,04376635878,okarnik@example.com
6082,Samesh Nagar,Pune,+918631174120,rohankohli@example.com
6083,Chaaya Joshi,Pune,6495198192,qiyer@example.org
6084,Fitan Balakrishnan,Pune,07257944962,owenwason@example.org
6085,Urvashi Mallick,Pune,00062555452,ayaan12@example.org
6086,Chatura Borra,Pune,00237610903,jeremiahlall@example.net
6087,Jackson Khalsa,Pune,+912238563742,kritikamangat@example.net
6088,Warhi Bhavsar,Pune,02582960173,eamble@example.com
6089,Ryan Tella,Pune,6167720249,bakhshi76@example.net
6090,Ekiya Singh,Pune,+915375873484,narularaksha@example.org
6091,Urishilla Kunda,Pune,01484088616,ubhasin@example.com
6092,Janani Maharaj,Pune,09685219316,advay04@example.net
6093,Kiaan Edwin,Pune,04240829156,tellaanirudh@example.org
6094,Aradhana Wason,Pune,04646921646,upadhritirandhawa@example.com
6095,Anmol Kumer,Pune,+912992041555,gapte@example.net
6096,Warhi Kunda,Pune,+914387041886,qushimitter@example.net
6097,Janaki Doctor,Pune,+915594889099,bailzilmil@example.net
6098,Wazir Keer,Pune,1460020051,darshbiswas@example.net
6099,Sai Chowdhury,Pune,5159022938,nkala@example.org
6100,Ayaan Borde,Pune,1287807606,lsabharwal@example.org
6101,Hritik Mall,Pune,04305478974,simonbutala@example.net
6102,Chavvi Bir,Pune,+917064077353,arajan@example.com
6103,Shravya Virk,Pune,9539464010,taratriveni@example.org
6104,Hritik Boase,Pune,01386005254,jhans@example.org
6105,Xavier Shroff,Pune,00597266158,indrajitbarman@example.com
6106,Qasim Patla,Pune,3474431883,savantikbal@example.org
6107,Noah Vohra,Pune,09648732946,kibetanveer@example.net
6108,Bakhshi Khurana,Pune,04741220840,ikade@example.net
6109,Devika Barad,Pune,+918932781310,nsarraf@example.net
6110,Neha Dixit,Pune,+919881798169,radha64@example.net
6111,Meera Anand,Pune,02617468221,bassisiya@example.org
6112,Thomas Gokhale,Pune,3164303723,
6113,Karan Kant,Pune,00128560492,kavyamannan@example.org
6114,Hema Cheema,Pune,7133716262,kparekh@example.com
6115,Waida Kala,Pune,+916953874029,xdalal@example.org
6116,Ikshita Sule,Pune,08389607395,jagrati56@example.com
6117,Chandani Dyal,Pune,5509081905,vyanjanaramakrishnan@example.com
6118,Vincent Tak,Pune,2545122281,karan91@example.org
6119,Ethan Dani,Pune,+915131536667,psahni@example.net
6120,Lila Swamy,Pune,2095904308,triyalanka@example.org
6121,Andrew Sangha,Pune,02149469227,janani83@example.org
6122,Vinaya Nagarajan,Pune,+915191206707,chaudryfrederick@example.org
6123,Anirudh Madan,Pune,+917836884251,rtalwar@example.org
6124,Harish Bhagat,Pune,7633396281,zarnaiyer@example.com
6125,Warjas Sarkar,Pune,5187838634,girik70@example.org
6126,Gopal Jha,Pune,06902815704,gaurav81@example.org
6127,Abha Bhasin,Pune,05411309557,faqidvala@example.org
6128,Vincent Banerjee,Pune,09723053654,sharafarya@example.net
6129,Maya Sarkar,Pune,6676030411,groversachi@example.com
6130,Ishanvi Sule,Pune,7792097399,udant28@example.org
6131,Tejas Lall,Pune,+919507874176,timothy39@example.net
6132,Christopher Baria,Pune,8696694767,goyalupadhriti@example.net
6133,Eshana Kamdar,Pune,+913514691144,gaurangi74@example.net
6134,Ekaja Ahuja,Pune,+918449395039,waliyash@example.com
6135,Rachana Bhat,Pune,1184524505,gauravsura@example.com
6136,Gauri Baria,Pune,+912464773750,unnatikoshy@example.net
6137,Ekavir Sen,Pune,05886964479,ekta23@example.com
6138,Mohammed Vyas,Pune,2064478688,gchandran@example.net
6139,Nandini Deep,Pune,02080249063,harshil49@example.org
6140,Aarini Dalal,Pune,0727854116,fpant@example.org
6141,Charles Narayanan,Pune,1575595577,vzachariah@example.net
6142,Gunbir Gopal,Pune,+911018338250,aarav39@example.org
6143,Nidra Patla,Pune,09950646091,qbabu@example.net
6144,Shravya Goda,Pune,+918914981829,sachdevradhika@example.com
6145,Ekiya Ravi,Pune,7018575676,priyaparsa@example.net
6146,Aradhana Sekhon,Pune,+916206563373,gopaldar@example.com
6147,Vrishti Saini,Pune,3097584317,ekta35@example.org
6148,Bina Prashad,Pune,9846033972,nakul87@example.net
6149,Waida Dyal,Pune,09021468026,janani28@example.com
6150,Liam Salvi,Pune,+915144140660,comarkeya@example.org
6151,Avni Vig,Pune,+914689906196,wahab38@example.net
6152,Aarna Mukhopadhyay,Pune,09433384946,christopherloyal@example.net
6153,Ati Kalla,Pune,+913678681253,bakhshi11@example.com
6154,Ansh Sibal,Pune,+912393594504,galarishi@example.com
6155,Frado Comar,Pune,5731378444,shethethan@example.com
6156,Kalpit Yohannan,Pune,00778798466,aarav30@example.org
6157,Gopal Bora,Pune,5988078652,anirudhgola@example.net
6158,Darpan Sanghvi,Pune,+910468670732,tarakbhatt@example.org
6159,Krishna Murthy,Pune,03079811920,dhillontejas@example.net
6160,Jhalak Hari,Pune,2335021733,obal@example.com
6161,Noah Ben,Pune,00896146668,om24@example.org
6162,Tripti Kurian,Pune,+910836930101,daksh84@example.org
6163,Wahab Chatterjee,Pune,+910309153429,pranavsoni@example.org
6164,Kamala Gokhale,Pune,0398211356,pushti18@example.net
6165,Reyansh Badal,Pune,8618059960,mukhopadhyayzayyan@example.net
6166,Vaishnavi Nayak,Pune,00526672365,gayathri19@example.org
6167,Nicholas Kala,Pune,02624335271,dugaromkaar@example.net
6168,Naveen Sunder,Pune,+917255366332,kurianakshay@example.org
6169,Nicholas Rattan,Pune,02952418535,vdoctor@example.net
6170,Rehaan Bala,Pune,9090359435,mitaligupta@example.org
6171,Warhi Sant,Pune,1492777703,samarpalla@example.org
6172,Ubika Dani,Pune,+917007931793,wyatt02@example.org
6173,Aachal Bakshi,Pune,5877968442,daksh50@example.com
6174,Aayush Mital,Pune,00436929973,qdutt@example.com
6175,Anthony Mody,Pune,03116909932,psethi@example.com
6176,Meera Kapoor,Pune,+916958455992,madanraksha@example.net
6177,Waida Choudhry,Pune,+910494862627,urvi07@example.com
6178,Urmi Pandey,Pune,1533028268,unagar@example.com
6179,Eesha Chowdhury,Pune,+917759700857,ekalingapalla@example.org
6180,Dayamai Dalal,Pune,08201545785,
6181,Pallavi Khosla,Pune,05814402416,indalihora@example.net
6182,Ranveer Bhandari,Pune,8330314617,mayadeol@example.org
6183,Yatin Sant,Pune,+914039922003,ronith05@example.com
6184,Upasna Dey,Pune,06568161400,irarajagopal@example.com
6185,Sara Bhagat,Pune,05227135074,mohinimitter@example.com
6186,Yasti Behl,Pune,8609279300,pkant@example.com
6187,Dalaja Bora,Pune,08457676773,damyantiyogi@example.com
6188,Naksh Sachar,Pune,02279480104,williamsinha@example.org
6189,Mugdha Naik,Pune,4475274762,watikabrahmbhatt@example.org
6190,Mahika Lall,Pune,1313539993,kramesh@example.com
6191,Samesh Sastry,Pune,+910668027639,goswamimichael@example.net
6192,Faraj Tiwari,Pune,09709877727,jeremiah24@example.net
6193,Ria Bhatia,Pune,+913874787812,agrawalpeter@example.org
6194,Ekanta Baria,Pune,02085415105,handatristan@example.org
6195,Quincy Shah,Pune,7925887206,bnarain@example.org
6196,Sathvik Handa,Pune,3427838495,lipika33@example.net
6197,Harita Jhaveri,Pune,1651795944,
6198,Yashodhara Dhingra,Pune,+913342265092,mitteryochana@example.com
6199,Ayush Apte,Pune,0096718517,vedikaloke@example.com
6200,Faqid Guha,Pune,6212757805,cchoudhry@example.net
6201,Harshil Sharma,Pune,+918942081284,tanejageorge@example.net
6202,Girik Dayal,Pune,+910299596326,shangaurav@example.com
6203,Jonathan Prakash,Pune,+918476823033,sai74@example.net
6204,Balveer Issac,Pune,9145409101,ssoman@example.com
6205,Omkaar Maharaj,Pune,+918493504561,wagledaniel@example.net
6206,Atharv Luthra,Pune,2495739950,vyanjana37@example.com
6207,Mohammed Ghose,Pune,07746295224,rvirk@example.net
6208,Faras Bir,Pune,+918730320224,hpandya@example.com
6209,Ekantika Gala,Pune,+911850500540,farhanbajaj@example.org
6210,Jhalak Anne,Pune,+917103691340,advikkaul@example.net
6211,Suhani Murthy,Pune,02136715360,ekansh98@example.org
6212,George Nadig,Pune,5180891484,hkade@example.com
6213,Pooja Chanda,Pune,0886870582,ekiya89@example.com
6214,Qarin Grover,Pune,02045395725,sarthak95@example.net
6215,Girik Malhotra,Pune,+911851531822,yash41@example.com
6216,Teerth Choudhry,Pune,05640008458,chahalrobert@example.net
6217,Anmol Mishra,Pune,4150869956,unnatibhardwaj@example.com
6218,Radha Kaul,Pune,+910999638640,chasmummangal@example.com
6219,Dalaja Tara,Pune,09230914048,eesha33@example.net
6220,Wakeeta Ghosh,Pune,05240183885,ymander@example.net
6221,Krish Dubey,Pune,08813475934,mohantyishita@example.net
6222,Gauri Dar,Pune,+913392711361,ucchaldasgupta@example.com
6223,Liam D’Alia,Pune,+916258826168,kotharibalvan@example.net
6224,Akshay Balan,Pune,4772209245,divanlipika@example.org
6225,Geetika Sangha,Pune,1084809393,sarinnilima@example.org
6226,Champak Mane,Pune,04616461218,neelimabarad@example.org
6227,Raagini Minhas,Pune,+915635594352,raghav72@example.net
6228,Anvi Tripathi,Pune,5584419847,prabhueshana@example.org
6229,Ubika Mammen,Pune,05709371591,lkrishna@example.com
6230,Michael Gour,Pune,+913737312356,aahana65@example.net
6231,Harish Baral,Pune,9217835459,samar87@example.net
6232,Tripti Upadhyay,Pune,02506187206,krishnaprabhu@example.com
6233,Lopa Magar,Pune,+919907610331,omisha29@example.net
6234,Dhruv Pall,Pune,03590688184,manyanagar@example.com
6235,Jairaj Bajwa,Pune,2703638530,indrajitpillai@example.net
6236,Oviya Chopra,Pune,03336133989,dominic96@example.net
6237,Arunima Pradhan,Pune,+913017168601,ebalay@example.net
6238,Yahvi Ramakrishnan,Pune,5496949865,victoratwal@example.net
6239,Arunima Ratta,Pune,07540929131,iyengarryan@example.net
6240,Abdul Chaudry,Pune,05084094045,utkarshlata@example.org
6241,Amara Lalla,Pune,06278512867,revauppal@example.org
6242,Darpan Viswanathan,Pune,8404597153,quincykunda@example.org
6243,Yashica Barad,Pune,1346174952,tankchavvi@example.org
6244,Ridhi Sen,Pune,4763049057,widishaoommen@example.com
6245,Azaan Doctor,Pune,+912157379443,chawlavivaan@example.net
6246,Aishani Mane,Pune,00561072364,urvashiahuja@example.net
6247,Turvi Puri,Pune,03884307591,nakul03@example.net
6248,Elijah Magar,Pune,1034292981,zaitraratti@example.net
6249,Pushti Pant,Pune,3979976940,oshanath@example.net
6250,Omya Apte,Pune,+910209831828,chakrikakrishna@example.net
6251,Bahadurjit Hayer,Pune,06903361980,indiravarghese@example.net
6252,Suhani Rai,Pune,+917400815678,abhimanyu30@example.com
6253,Ethan Kaur,Pune,+916379558625,tripti77@example.org
6254,Krish Bajaj,Pune,09861079640,tara95@example.net
6255,Anirudh Shetty,Pune,5171182479,merchantyashawini@example.net
6256,Eesha Rao,Pune,+918039568798,girishbajwa@example.com
6257,Siya Bhardwaj,Pune,5267184032,srege@example.net
6258,Maanas Raghavan,Pune,09362655356,utkarsh03@example.org
6259,Yug Seshadri,Pune,3866865480,naraingabriel@example.net
6260,Frederick Mital,Pune,+917419557278,dewanyash@example.com
6261,Lekha Lata,Pune,3123523675,chakrikamalhotra@example.com
6262,David Chaudhary,Pune,8922161289,brinda01@example.com
6263,Fiyaz Gill,Pune,00615668220,gillishaan@example.net
6264,Chaaya Pillai,Pune,+918880049129,perikrisha@example.net
6265,Hamsini Mutti,Pune,+919572762850,bina38@example.net
6266,Baljiwan Memon,Pune,+919042400120,babulohit@example.org
6267,Januja Sahni,Pune,09075235961,sakshamsani@example.net
6268,Indali Tandon,Pune,05673725380,jkapadia@example.org
6269,Nachiket Mall,Pune,7848875365,yohannantarak@example.com
6270,Adweta Boase,Pune,+917473216489,nidra72@example.com
6271,Samar Krish,Pune,08168107067,riasarma@example.net
6272,Nandini Bala,Pune,0587884627,sai36@example.net
6273,Hemal Mahajan,Pune,00911186064,isrinivas@example.com
6274,David Koshy,Pune,02644539536,reva92@example.net
6275,Harita Tripathi,Pune,05582539185,kevintank@example.net
6276,Nidra Dhingra,Pune,0335993785,samuelvenkataraman@example.com
6277,Yashodhara Sane,Pune,06116788193,praneelwalia@example.com
6278,Elijah Kohli,Pune,+918040519321,bvarughese@example.net
6279,Wakeeta Konda,Pune,+919082149993,ranveervarty@example.org
6280,Rudra Bora,Pune,3317410963,falguni53@example.net
6281,Nachiket Sagar,Pune,+918896705133,unni97@example.net
6282,Amara Parmar,Pune,+919116093585,echandran@example.net
6283,Rudra Morar,Pune,+914966277115,panditjanuja@example.org
6284,Charan Sem,Pune,+913587647716,wsunder@example.com
6285,Damyanti Chakraborty,Pune,+917327239710,balakrishnanadweta@example.com
6286,Zehaan Kalla,Pune,3594122852,natarajansiya@example.org
6287,Dhruv Dutt,Pune,+918989876591,schahal@example.com
6288,Bina Venkatesh,Pune,+915906280456,sapte@example.org
6289,Devika Dhaliwal,Pune,04969345454,magate@example.org
6290,Mohammed Gulati,Pune,+917978090093,aurorawarjas@example.net
6291,Chakradhar Kapoor,Pune,6886300694,noah97@example.com
6292,Tanay Savant,Pune,08674858663,dalaja33@example.net
6293,Samarth Nazareth,Pune,07164183065,sarafnicholas@example.net
6294,Chakradev Koshy,Pune,+914621158870,devankevin@example.org
6295,Dakshesh Mody,Pune,07343183703,janaki17@example.net
6296,Jeet Lalla,Pune,5747568912,lohit25@example.com
6297,Matthew Thakur,Pune,+910710480983,balankiaan@example.com
6298,Faqid Menon,Pune,04216998691,behlzayan@example.net
6299,Wriddhish Lata,Pune,+912908153337,sachidoctor@example.net
6300,Chatresh Raju,Pune,7743457173,finn00@example.org
6301,Oliver Sha,Pune,08983951341,ishanvikapadia@example.org
6302,Ansh Mittal,Pune,08635195805,orindersastry@example.com
6303,Upma Nagy,Pune,+912432636333,atilala@example.com
6304,Samarth Acharya,Pune,03829876257,ddivan@example.net
6305,Chameli Sengupta,Pune,+914557751333,merchantchandresh@example.net
6306,Barkha Amble,Pune,+915096681636,yashawinikurian@example.com
6307,Arya Keer,Pune,0598918935,groverbakhshi@example.org
6308,Chatura Nagi,Pune,07706009687,vinayaparmar@example.org
6309,Ekbal Sathe,Pune,+913667455470,akshay77@example.com
6310,Zaitra Mandal,Pune,0160328278,prege@example.com
6311,Vrishti Chana,Pune,+913313277849,ethanpai@example.net
6312,Chatura Bhakta,Pune,01803916073,omnadkarni@example.org
6313,Amaira Sarma,Pune,+914540896283,yagate@example.com
6314,Ishwar Mannan,Pune,01747634327,lila78@example.org
6315,Ekansh Pandey,Pune,6055200731,chatterjeedipta@example.net
6316,Kai Wagle,Pune,+912383934859,falgunisarin@example.org
6317,Siddharth Sama,Pune,3723128117,sjoshi@example.org
6318,Charan Kunda,Pune,+913345904790,mugdha43@example.net
6319,Jason Chaudhary,Pune,00727962820,csandhu@example.com
6320,Timothy Minhas,Pune,07046877709,takowen@example.com
6321,Mugdha Nazareth,Pune,03553530366,balveer46@example.net
6322,Jagdish Bahl,Pune,08119125947,jkala@example.com
6323,Jagvi Rajagopalan,Pune,04832605046,dhritidada@example.org
6324,Ekantika Mukherjee,Pune,+911435556050,shahsamar@example.com
6325,Ati Garg,Pune,0656920215,sbora@example.org
6326,Naveen Baral,Pune,08725880858,hemal94@example.com
6327,Samesh Bassi,Pune,+915861769001,darikakarpe@example.net
6328,Anmol Mukherjee,Pune,0811259170,chamanmane@example.net
6329,Omisha Ganesh,Pune,2006961516,anmoldhillon@example.net
6330,Aarnav Rama,Pune,03670080743,paijagvi@example.com
6331,Finn Lal,Pune,7814521389,omisha61@example.com
6332,Gaurang Trivedi,Pune,06427959962,sanghacharles@example.net
6333,Parth Chanda,Pune,01793305611,bchandran@example.com
6334,Tanish Agarwal,Pune,00398258339,sanyagupta@example.org
6335,Benjamin Zachariah,Pune,2534790755,bediparth@example.net
6336,Vincent Ghose,Pune,06768696730,anmol43@example.org
6337,Oni Goswami,Pune,+914439376885,sachdevnidhi@example.org
6338,Frado Kant,Pune,4328232184,libnichoudhry@example.org
6339,Hredhaan Vaidya,Pune,+913588430337,theodoresaran@example.com
6340,Gunbir Bala,Pune,4679004609,xavier87@example.org
6341,Kritika Sathe,Pune,+911446431035,bakhshiraval@example.net
6342,Fiyaz Dubey,Pune,+911512714226,yguha@example.org
6343,Vedhika Chander,Pune,04748553619,kevin48@example.org
6344,Bhavika Batta,Pune,7346401597,panditdominic@example.org
6345,Teerth Brar,Pune,1052770302,waurora@example.com
6346,Manthan Salvi,Pune,06319133670,victorzachariah@example.com
6347,Mahika Upadhyay,Pune,07782093006,jatinsehgal@example.com
6348,Andrew Modi,Pune,09953950894,kapurneel@example.com
6349,Yauvani Gala,Pune,0355035855,vamakshivirk@example.org
6350,Jatin Sundaram,Pune,+910810085369,vbhakta@example.com
6351,Lavanya Rai,Pune,4285131523,yoshitakonda@example.com
6352,Vivaan Barad,Pune,9879838957,bumbpratyush@example.com
6353,Shivansh Chauhan,Pune,1137217301,sachikhosla@example.com
6354,Damyanti Ganesh,Pune,6385417969,indali72@example.com
6355,Jackson Sarraf,Pune,0411695041,wahab58@example.com
6356,Qasim Viswanathan,Pune,08874700249,siddharthchaudhary@example.org
6357,Ishani Salvi,Pune,+918621259499,znath@example.net
6358,Siya Upadhyay,Pune,7196931199,randhawapushti@example.com
6359,Vihaan Hans,Pune,04915232631,halderjyoti@example.com
6360,Nathaniel Mammen,Pune,+917402968041,arjun28@example.com
6361,Nandini Bath,Pune,+919946080034,zdivan@example.net
6362,Balhaar Srinivas,Pune,05269445439,omdhriti@example.com
6363,Barkha Barman,Pune,09918064916,upasnaparmer@example.net
6364,Bhanumati Iyengar,Pune,0383808495,vivaan79@example.org
6365,Indrajit Ramakrishnan,Pune,+917513782387,qpalan@example.com
6366,Victor Master,Pune,+910812919702,shravya57@example.com
6367,Isha Edwin,Pune,08321247042,ckamdar@example.org
6368,Prisha Karnik,Pune,+912614907214,amritamaharaj@example.net
6369,Balhaar Gupta,Pune,+912141501458,uwable@example.net
6370,Samar Sama,Pune,7200217699,sarrafrachita@example.com
6371,Yochana Lad,Pune,6668580264,upma81@example.org
6372,Darika Bobal,Pune,+914021634160,swaminathanlucky@example.net
6373,Bhavini Naik,Pune,0909934495,menonwidisha@example.com
6374,Vedhika Mistry,Pune,+914023486341,xlanka@example.net
6375,Praneel Loyal,Pune,+917666208983,neelsidhu@example.net
6376,Vidhi Sarma,Pune,07368142857,thakeradweta@example.org
6377,Hemangini Bhargava,Pune,1177992826,shivanshkapadia@example.org
6378,Shivani Radhakrishnan,Pune,2456662848,tsandhu@example.com
6379,Rohan Palla,Pune,08968446462,nagarekalinga@example.net
6380,Indrajit Manne,Pune,0169306795,jeevika33@example.com
6381,Hardik Lata,Pune,04856136906,rkumer@example.org
6382,Unnati Goyal,Pune,06448803061,udantluthra@example.com
6383,Nathaniel Andra,Pune,03547944636,waida11@example.org
6384,Samesh Khare,Pune,04698020438,jbanerjee@example.net
6385,Balveer Shroff,Pune,06715300098,vsampath@example.com
6386,Hemal Patla,Pune,+913150255594,raghav44@example.org
6387,Kiaan Chand,Pune,+914724323268,sthaker@example.org
6388,Nilima Bhavsar,Pune,+914555666723,rushilramesh@example.net
6389,Janani Koshy,Pune,09471543360,parmerabeer@example.org
6390,Aadi Sekhon,Pune,1200830188,rajaaashi@example.com
6391,Shaurya Vohra,Pune,1800519820,watikaprakash@example.com
6392,Rishi Pillay,Pune,9891796591,abhirampadmanabhan@example.com
6393,Fiyaz Bassi,Pune,8248180499,bakshizarna@example.org
6394,Yochana Kakar,Pune,00008308748,gnayak@example.org
6395,Ayush Vohra,Pune,+913535161915,devanagastya@example.com
6396,Dakshesh Devan,Pune,9377476360,bhavanidas@example.net
6397,William Kaur,Pune,8816326100,advaydeo@example.org
6398,Daniel Sinha,Pune,+914477126245,jagvi64@example.org
6399,Alka Memon,Pune,+912765942029,aadhya38@example.org
6400,Yamini Barad,Pune,+911022844057,lsandal@example.net
6401,Aradhana Hegde,Pune,08454570321,mbhakta@example.net
6402,Jhalak Raja,Pune,9598211545,sanghadev@example.com
6403,Indira Talwar,Pune,08412878128,peterramanathan@example.net
6404,Anvi Nagy,Pune,3695589650,frado31@example.com
6405,Anamika Vaidya,Pune,+918812072777,igola@example.org
6406,Lakshmi Chaudhry,Pune,+914288134242,warinder95@example.com
6407,Pranav Seshadri,Pune,+918038354418,jatin89@example.net
6408,Ekalinga Edwin,Pune,+911522251746,imaran97@example.net
6409,Guneet Krishnamurthy,Pune,02211289575,memonikshita@example.net
6410,Praneel Pal,Pune,08468094922,zaid62@example.com
6411,Vanya Sami,Pune,3608596136,csawhney@example.com
6412,Anay Pingle,Pune,+914426674748,vedikaparmer@example.com
6413,Ranveer Bains,Pune,+910321391798,mramesh@example.org
6414,Timothy Mitra,Pune,03856271174,rdeep@example.com
6415,Xalak Sandhu,Pune,8888341106,jai53@example.net
6416,Jasmit Kuruvilla,Pune,1889197789,ekalingabasak@example.net
6417,Lavanya Palla,Pune,+910445616657,rkalla@example.net
6418,Bina Raja,Pune,+919986065355,vansha00@example.com
6419,Barkha Chhabra,Pune,+919109837699,amol73@example.net
6420,Urvi Varma,Pune,5585341312,ujohal@example.org
6421,Kashvi Chopra,Pune,9849703687,rsastry@example.com
6422,Anvi Dube,Pune,+915939670213,aarushahuja@example.org
6423,Aarnav Kalla,Pune,3223050607,wyatt92@example.com
6424,Kalpit Chand,Pune,00324497703,dalalthomas@example.net
6425,Wyatt Puri,Pune,0053362210,
6426,Edhitha Dhar,Pune,05153097749,bandianirudh@example.com
6427,Qarin Narasimhan,Pune,04478492102,vansha06@example.com
6428,Charvi Agarwal,Pune,8300552634,ansh28@example.net
6429,Nimrat Ram,Pune,03396512695,kamalakashyap@example.com
6430,Imaran Barad,Pune,04642324511,xpathak@example.net
6431,Vrishti Datta,Pune,1594026698,rajeshridas@example.net
6432,Jairaj Seth,Pune,04925511443,shravya05@example.com
6433,Leena Pandey,Pune,03938269795,daminibobal@example.org
6434,Gaurang Char,Pune,05347528320,ybabu@example.net
6435,Vihaan Rao,Pune,04871662755,wnagarajan@example.org
6436,Eshana Sabharwal,Pune,04840566548,bahrizayyan@example.net
6437,Parth Khurana,Pune,6968260444,dhruv23@example.com
6438,Vrinda Bedi,Pune,4826362506,tanmayisahota@example.net
6439,Samuel Barad,Pune,+911305356499,tsibal@example.org
6440,Quincy Bhavsar,Pune,2311018912,ozaradha@example.org
6441,Kashvi Shukla,Pune,05447742626,ptank@example.com
6442,Oliver Contractor,Pune,06733784039,saumyachada@example.com
6443,Urishilla Dugar,Pune,+918992629941,siya44@example.net
6444,Hardik Balay,Pune,7843935713,skeer@example.net
6445,Netra Parikh,Pune,+919590109732,lucky06@example.org
6446,Gautam Goyal,Pune,07693404060,anthony93@example.com
6447,Manbir Hora,Pune,03034582398,chaayabhat@example.net
6448,Saumya Johal,Pune,2796615634,laksh44@example.com
6449,Chanchal Shah,Pune,9769943541,widisha12@example.com
6450,Vaishnavi Bhat,Pune,03975951663,wmohan@example.net
6451,Aadhya Banik,Pune,+917548064070,isagar@example.net
6452,Chandresh Kashyap,Pune,01590526296,zachariahyashawini@example.net
6453,Ridhi Ramakrishnan,Pune,6619804288,manan00@example.com
6454,Harsh Bail,Pune,5169473665,boaseyashodhara@example.org
6455,Indrajit Gala,Pune,+914893121820,hgala@example.com
6456,Christopher Sunder,Pune,+911258375777,guneetchaudry@example.org
6457,Kavya Atwal,Pune,+917682748511,xkibe@example.org
6458,Manbir Nayak,Pune,1775647482,banikgauri@example.org
6459,Anita Gade,Pune,07912770340,bhanumatisehgal@example.com
6460,Darsh Mani,Pune,+914661042530,jasonvarty@example.com
6461,Prisha Sampath,Pune,+913211967696,ychadha@example.com
6462,Anamika Doshi,Pune,+917099091604,subramaniamraghav@example.com
6463,Manbir Vohra,Pune,08367937081,harrison21@example.com
6464,Urmi Kapoor,Pune,04747463094,gluthra@example.org
6465,Bishakha Raja,Pune,6521715548,samuel62@example.com
6466,Dayita Nori,Pune,4876657198,kritikasrivastava@example.com
6467,Aishani Trivedi,Pune,06408023410,dbal@example.net
6468,Gautami Manda,Pune,+918156775724,gaurav37@example.com
6469,Andrew Rajagopal,Pune,8734197260,keyabehl@example.com
6470,Nidra Hayer,Pune,6680354867,vanya17@example.org
6471,Shravya Mani,Pune,1006761691,ftrivedi@example.net
6472,Maya Dalal,Pune,9821771079,raagini98@example.org
6473,Kai Dada,Pune,+917215815168,yutikacontractor@example.com
6474,Wridesh Talwar,Pune,+914762403906,maanavarya@example.com
6475,Mekhala Sathe,Pune,02916491555,faraj55@example.com
6476,Jonathan Kota,Pune,03863428478,vpalan@example.org
6477,David Edwin,Pune,07406105303,dinkrish@example.net
6478,Nicholas Gandhi,Pune,5011366262,xjohal@example.net
6479,Thomas Chahal,Pune,8151886887,vorayamini@example.org
6480,Amruta Venkataraman,Pune,2977566883,chadhajanani@example.org
6481,Ranbir Parmer,Pune,4138525682,wishivaidya@example.org
6482,Qasim Lal,Pune,00663057605,vkala@example.net
6483,Ucchal Biswas,Pune,+917900039705,ridhichandra@example.net
6484,Jason Bhakta,Pune,07426716457,emore@example.com
6485,Reva Kibe,Pune,03477575981,anya84@example.com
6486,Divya Biswas,Pune,8107300914,amritabandi@example.org
6487,Raghav Dewan,Pune,+912908648581,udant74@example.org
6488,Sachi Guha,Pune,2808330866,dharishani@example.net
6489,Udyati Biswas,Pune,08253269449,udant85@example.com
6490,Lila Chacko,Pune,+914215030635,sacharhritik@example.net
6491,Jasmit Nazareth,Pune,0020246321,gokhaleharshil@example.org
6492,Chaman Guha,Pune,6280515343,pbasu@example.com
6493,Radhika Gade,Pune,+911128238124,vihaanahuja@example.org
6494,Lipika Ghose,Pune,+916911178910,ikshitasubramaniam@example.org
6495,Qabil Sidhu,Pune,+912302207874,upmaramesh@example.org
6496,Janaki Chakrabarti,Pune,0093315765,choudhuryyadavi@example.net
6497,Charita Sekhon,Pune,7881353970,rayaanmandal@example.com
6498,Peter Pall,Pune,+919837690446,manya91@example.net
6499,Aarush Nanda,Pune,7290098560,dugalarya@example.net
6500,Ishaan Krishnamurthy,Pune,07521129818,yashodanarang@example.org
